{
"lengthUnit": "mil",
"components": {
	"fields": ["COMPONENT_NO", "COMPONENT_NAME", "LAYER", "X_COORDINATE", "Y_COORDINATE", "ANGLE"],
	"rows": [
		[1, "+3.3V", "T", 405.51, 2261.81, 0],
		[2, "C7", "T", 990.78, 1099.52, 180],
		[3, "C11", "T", 850, 342.03, 90],
		[4, "C14", "T", 1616.26, 605, 180],
		[5, "C15", "T", 1655, 895, 0],
		[6, "C16", "T", 1655, 775, 0],
		[7, "C17", "T", 1450, 605, 180],
		[8, "C18", "T", 1285, 605, 0],
		[9, "D1", "T", 1058.89, 793.89, 0],
		[10, "D2", "T", 798.89, 793.89, 0],
		[11, "D3", "T", 533.89, 793.89, 0],
		[12, "GND", "T", 562.99, 2261.81, 0],
		[13, "GND1", "T", 848.43, 129.92, 180],
		[14, "GND4", "T", 2259.84, 2261.81, 180],
		[15, "NC", "T", 1793.31, 129.92, 180],
		[16, "R5", "T", 948.89, 1448.89, 270],
		[17, "R27", "T", 648.89, 1418.89, 270],
		[18, "R28", "T", 828.89, 1448.89, 270],
		[19, "R29", "T", 878.89, 903.89, 0],
		[20, "R30", "T", 800, 990, 0],
		[21, "R31", "T", 718.89, 903.89, 0],
		[22, "R41", "T", 1575, 490, 270],
		[23, "R42", "T", 1325, 490, 270],
		[24, "R43", "T", 1410.82, 1168.64, 270],
		[25, "R44", "T", 1611.22, 1168.64, 270],
		[26, "R45", "T", 1508.72, 1168.64, 270],
		[27, "R46", "T", 1313.46, 1168.64, 270],
		[28, "R47", "T", 1795, 350, 270],
		[29, "R485_A", "T", 218.5, 129.92, 180],
		[30, "R485_B", "T", 533.46, 129.92, 180],
		[31, "RX1", "T", 877.95, 2261.81, 180],
		[32, "SCK", "T", 1507.87, 2261.81, 180],
		[33, "SDI", "T", 1192.91, 2261.81, 180],
		[34, "SDO", "T", 1350.39, 2261.81, 180],
		[35, "SS", "T", 1665.35, 2261.81, 180],
		[36, "TC-", "T", 1163.39, 129.92, 180],
		[37, "TC+", "T", 1478.35, 129.92, 180],
		[38, "TX1", "T", 1035.43, 2261.81, 180],
		[39, "U1", "T", 1465, 840, 0],
		[40, "U2", "T", 803.89, 1203.89, 180],
		[41, "U_EN", "T", 720.47, 2261.81, 180],
		[42, "PAD1", "T", 365, 810, 0],
		[43, "PAD1", "B", 365, 810, 0],
		[44, "PAD2", "T", 985, 905, 0],
		[45, "PAD2", "B", 985, 905, 0],
		[46, "PAD3", "T", 1200, 700, 0],
		[47, "PAD3", "B", 1200, 700, 0],
		[48, "PAD4", "T", 1305, 1020, 0],
		[49, "PAD4", "B", 1305, 1020, 0],
		[50, "PAD5", "T", 1095, 1275, 0],
		[51, "PAD5", "B", 1095, 1275, 0],
		[52, "PAD6", "T", 655, 1095, 0],
		[53, "PAD6", "B", 655, 1095, 0],
		[54, "PAD7", "T", 520, 1830, 0],
		[55, "PAD7", "B", 520, 1830, 0],
		[56, "PAD8", "T", 515, 1620, 0],
		[57, "PAD8", "B", 515, 1620, 0],
		[58, "PAD9", "T", 515, 1415, 0],
		[59, "PAD9", "B", 515, 1415, 0],
		[60, "PAD10", "T", 515, 2020, 0],
		[61, "PAD10", "B", 515, 2020, 0],
		[62, "PAD11", "T", 1140, 905, 0],
		[63, "PAD11", "B", 1140, 905, 0]
	]
},
"pins": {
	"fields": ["PIN_NO", "PIN_NAME", "PIN_X", "PIN_Y", "LAYER", "PIN_TYPE", "NET_NAME", "NET_TYPE", "PAD_SHAPE", "PAD_SIZEX", "PAD_SIZEY", "HOLE_SIZE", "PAD_ANGLE"],
	"rows": [
		[1, "+3.3V_1", 405.51, 2261.81, "T", "DIP", "+3.3V", "", "R", 59.06, 177.17, 39.37, 0],
		[2, "+3.3V_1", 405.51, 2261.81, "B", "DIP", "+3.3V", "", "R", 59.06, 177.17, 39.37, 0],
		[3, "C7_1", 1030.15, 1099.52, "T", "SMD", "GND", "GND", "R", 55.51, 53.15, 0, 180],
		[4, "C7_2", 951.41, 1099.52, "T", "SMD", "+3.3V", "", "R", 55.51, 53.15, 0, 180],
		[5, "C11_1", 850, 302.66, "T", "SMD", "GND1", "", "R", 55.51, 53.15, 0, 90],
		[6, "C11_2", 850, 381.4, "T", "SMD", "GND", "GND", "R", 55.51, 53.15, 0, 90],
		[7, "C14_1", 1655.63, 605, "T", "SMD", "GND", "GND", "R", 55.51, 53.15, 0, 180],
		[8, "C14_2", 1576.89, 605, "T", "SMD", "$2N8941", "", "R", 55.51, 53.15, 0, 180],
		[9, "C15_1", 1615.63, 895, "T", "SMD", "+3.3V", "", "R", 55.51, 53.15, 0, 0],
		[10, "C15_2", 1694.37, 895, "T", "SMD", "GND", "GND", "R", 55.51, 53.15, 0, 0],
		[11, "C16_1", 1615.63, 775, "T", "SMD", "+3.3V", "", "R", 55.51, 53.15, 0, 0],
		[12, "C16_2", 1694.37, 775, "T", "SMD", "GND", "GND", "R", 55.51, 53.15, 0, 0],
		[13, "C17_1", 1489.37, 605, "T", "SMD", "$2N8941", "", "R", 55.51, 53.15, 0, 180],
		[14, "C17_2", 1410.63, 605, "T", "SMD", "$2N8947", "", "R", 55.51, 53.15, 0, 180],
		[15, "C18_1", 1245.63, 605, "T", "SMD", "GND", "GND", "R", 55.51, 53.15, 0, 0],
		[16, "C18_2", 1324.37, 605, "T", "SMD", "$2N8947", "", "R", 55.51, 53.15, 0, 0],
		[17, "D1_1", 980.15, 793.89, "T", "SMD", "R485_B", "", "R", 78.74, 70.87, 0, 0],
		[18, "D1_2", 1137.63, 793.89, "T", "SMD", "GND", "GND", "R", 78.74, 70.87, 0, 0],
		[19, "D2_1", 720.15, 793.89, "T", "SMD", "R485_A", "", "R", 78.74, 70.87, 0, 0],
		[20, "D2_2", 877.63, 793.89, "T", "SMD", "R485_B", "", "R", 78.74, 70.87, 0, 0],
		[21, "D3_1", 455.15, 793.89, "T", "SMD", "GND", "GND", "R", 78.74, 70.87, 0, 0],
		[22, "D3_2", 612.63, 793.89, "T", "SMD", "R485_A", "", "R", 78.74, 70.87, 0, 0],
		[23, "GND_1", 562.99, 2261.81, "T", "DIP", "GND", "GND", "R", 59.06, 177.17, 39.37, 0],
		[24, "GND_1", 562.99, 2261.81, "B", "DIP", "GND", "GND", "R", 59.06, 177.17, 39.37, 0],
		[25, "GND1_1", 848.43, 129.92, "T", "DIP", "GND1", "", "R", 137.8, 236.22, 59.06, 180],
		[26, "GND1_1", 848.43, 129.92, "B", "DIP", "GND1", "", "R", 137.8, 236.22, 59.06, 180],
		[27, "GND4_1", 2259.84, 2261.81, "T", "DIP", "GND", "GND", "R", 59.06, 177.17, 39.37, 180],
		[28, "GND4_1", 2259.84, 2261.81, "B", "DIP", "GND", "GND", "R", 59.06, 177.17, 39.37, 180],
		[29, "NC_1", 1793.31, 129.92, "T", "DIP", "$2N3925", "", "R", 137.8, 236.22, 59.06, 180],
		[30, "NC_1", 1793.31, 129.92, "B", "DIP", "$2N3925", "", "R", 137.8, 236.22, 59.06, 180],
		[31, "R5_1", 948.89, 1488.26, "T", "SMD", "U1_RX", "", "R", 44.59, 54.21, 0, 270],
		[32, "R5_2", 948.89, 1409.52, "T", "SMD", "$3N638", "", "R", 44.59, 54.21, 0, 270],
		[33, "R27_1", 648.89, 1458.26, "T", "SMD", "U1_TX", "", "R", 44.59, 54.21, 0, 270],
		[34, "R27_2", 648.89, 1379.52, "T", "SMD", "$3N640", "", "R", 44.59, 54.21, 0, 270],
		[35, "R28_1", 828.89, 1488.26, "T", "SMD", "U1_EN", "", "R", 44.59, 54.21, 0, 270],
		[36, "R28_2", 828.89, 1409.52, "T", "SMD", "$3N639", "", "R", 44.59, 54.21, 0, 270],
		[37, "R29_1", 839.52, 903.89, "T", "SMD", "R485_B", "", "R", 44.59, 54.21, 0, 0],
		[38, "R29_2", 918.26, 903.89, "T", "SMD", "GND", "GND", "R", 44.59, 54.21, 0, 0],
		[39, "R30_1", 760.63, 990, "T", "SMD", "R485_A", "", "R", 44.59, 54.21, 0, 0],
		[40, "R30_2", 839.37, 990, "T", "SMD", "R485_B", "", "R", 44.59, 54.21, 0, 0],
		[41, "R31_1", 679.52, 903.89, "T", "SMD", "+3.3V", "", "R", 44.59, 54.21, 0, 0],
		[42, "R31_2", 758.26, 903.89, "T", "SMD", "R485_A", "", "R", 44.59, 54.21, 0, 0],
		[43, "R41_1", 1575, 529.37, "T", "SMD", "$2N8941", "", "R", 44.59, 54.21, 0, 270],
		[44, "R41_2", 1575, 450.63, "T", "SMD", "THERM+", "", "R", 44.59, 54.21, 0, 270],
		[45, "R42_1", 1325, 529.37, "T", "SMD", "$2N8947", "", "R", 44.59, 54.21, 0, 270],
		[46, "R42_2", 1325, 450.63, "T", "SMD", "THERM-", "", "R", 44.59, 54.21, 0, 270],
		[47, "R43_1", 1410.82, 1208.01, "T", "SMD", "SDO", "", "R", 44.59, 54.21, 0, 270],
		[48, "R43_2", 1410.82, 1129.27, "T", "SMD", "$2N8951", "", "R", 44.59, 54.21, 0, 270],
		[49, "R44_1", 1611.22, 1208.01, "T", "SMD", "SS", "", "R", 44.59, 54.21, 0, 270],
		[50, "R44_2", 1611.22, 1129.27, "T", "SMD", "$2N8954", "", "R", 44.59, 54.21, 0, 270],
		[51, "R45_1", 1508.72, 1208.01, "T", "SMD", "SCLK", "", "R", 44.59, 54.21, 0, 270],
		[52, "R45_2", 1508.72, 1129.27, "T", "SMD", "$2N8955", "", "R", 44.59, 54.21, 0, 270],
		[53, "R46_1", 1313.46, 1208.01, "T", "SMD", "SDI", "", "R", 44.59, 54.21, 0, 270],
		[54, "R46_2", 1313.46, 1129.27, "T", "SMD", "$2N8952", "", "R", 44.59, 54.21, 0, 270],
		[55, "R47_1", 1795, 389.37, "T", "SMD", "GND", "GND", "R", 44.59, 54.21, 0, 270],
		[56, "R47_2", 1795, 310.63, "T", "SMD", "$2N3925", "", "R", 44.59, 54.21, 0, 270],
		[57, "R485_A_1", 218.5, 129.92, "T", "DIP", "R485_A", "", "R", 137.8, 236.22, 59.06, 180],
		[58, "R485_A_1", 218.5, 129.92, "B", "DIP", "R485_A", "", "R", 137.8, 236.22, 59.06, 180],
		[59, "R485_B_1", 533.46, 129.92, "T", "DIP", "R485_B", "", "R", 137.8, 236.22, 59.06, 180],
		[60, "R485_B_1", 533.46, 129.92, "B", "DIP", "R485_B", "", "R", 137.8, 236.22, 59.06, 180],
		[61, "RX1_1", 877.95, 2261.81, "T", "DIP", "U1_RX", "", "R", 59.06, 177.17, 39.37, 180],
		[62, "RX1_1", 877.95, 2261.81, "B", "DIP", "U1_RX", "", "R", 59.06, 177.17, 39.37, 180],
		[63, "SCK_1", 1507.87, 2261.81, "T", "DIP", "SCLK", "", "R", 59.06, 177.17, 39.37, 180],
		[64, "SCK_1", 1507.87, 2261.81, "B", "DIP", "SCLK", "", "R", 59.06, 177.17, 39.37, 180],
		[65, "SDI_1", 1192.91, 2261.81, "T", "DIP", "SDI", "", "R", 59.06, 177.17, 39.37, 180],
		[66, "SDI_1", 1192.91, 2261.81, "B", "DIP", "SDI", "", "R", 59.06, 177.17, 39.37, 180],
		[67, "SDO_1", 1350.39, 2261.81, "T", "DIP", "SDO", "", "R", 59.06, 177.17, 39.37, 180],
		[68, "SDO_1", 1350.39, 2261.81, "B", "DIP", "SDO", "", "R", 59.06, 177.17, 39.37, 180],
		[69, "SS_1", 1665.35, 2261.81, "T", "DIP", "SS", "", "R", 59.06, 177.17, 39.37, 180],
		[70, "SS_1", 1665.35, 2261.81, "B", "DIP", "SS", "", "R", 59.06, 177.17, 39.37, 180],
		[71, "TC-_1", 1163.39, 129.92, "T", "DIP", "THERM-", "", "R", 137.8, 236.22, 59.06, 180],
		[72, "TC-_1", 1163.39, 129.92, "B", "DIP", "THERM-", "", "R", 137.8, 236.22, 59.06, 180],
		[73, "TC+_1", 1478.35, 129.92, "T", "DIP", "THERM+", "", "R", 137.8, 236.22, 59.06, 180],
		[74, "TC+_1", 1478.35, 129.92, "B", "DIP", "THERM+", "", "R", 137.8, 236.22, 59.06, 180],
		[75, "TX1_1", 1035.43, 2261.81, "T", "DIP", "U1_TX", "", "R", 59.06, 177.17, 39.37, 180],
		[76, "TX1_1", 1035.43, 2261.81, "B", "DIP", "U1_TX", "", "R", 59.06, 177.17, 39.37, 180],
		[77, "U1_1", 1388.23, 729.76, "T", "SMD", "GND", "GND", "R", 15.75, 66.93, 0, 0],
		[78, "U1_2", 1413.82, 729.76, "T", "SMD", "THERM-", "", "R", 15.75, 66.93, 0, 0],
		[79, "U1_3", 1439.41, 729.76, "T", "SMD", "$2N8947", "", "R", 15.75, 66.93, 0, 0],
		[80, "U1_4", 1465, 729.76, "T", "SMD", "$2N8941", "", "R", 15.75, 66.93, 0, 0],
		[81, "U1_5", 1490.59, 729.76, "T", "SMD", "+3.3V", "", "R", 15.75, 66.93, 0, 0],
		[82, "U1_6", 1516.18, 729.76, "T", "SMD", "U1_6", "", "R", 15.75, 66.93, 0, 0],
		[83, "U1_7", 1541.77, 729.76, "T", "SMD", "DRDY", "", "R", 15.75, 66.93, 0, 0],
		[84, "U1_8", 1541.77, 950.24, "T", "SMD", "+3.3V", "", "R", 15.75, 66.93, 0, 0],
		[85, "U1_9", 1516.18, 950.24, "T", "SMD", "$2N8954", "", "R", 15.75, 66.93, 0, 0],
		[86, "U1_10", 1490.59, 950.24, "T", "SMD", "$2N8955", "", "R", 15.75, 66.93, 0, 0],
		[87, "U1_11", 1465, 950.24, "T", "SMD", "$2N8951", "", "R", 15.75, 66.93, 0, 0],
		[88, "U1_12", 1439.41, 950.24, "T", "SMD", "$2N8952", "", "R", 15.75, 66.93, 0, 0],
		[89, "U1_13", 1413.82, 950.24, "T", "SMD", "U1_13", "", "R", 15.75, 66.93, 0, 0],
		[90, "U1_14", 1388.23, 950.24, "T", "SMD", "GND", "GND", "R", 15.75, 66.93, 0, 0],
		[91, "U2_1", 878.89, 1310.39, "T", "SMD", "$3N638", "", "O", 22.38, 76.78, 0, 180],
		[92, "U2_2", 828.89, 1310.39, "T", "SMD", "$3N639", "", "O", 22.38, 76.78, 0, 180],
		[93, "U2_3", 778.89, 1310.39, "T", "SMD", "$3N639", "", "O", 22.38, 76.78, 0, 180],
		[94, "U2_4", 728.89, 1310.39, "T", "SMD", "$3N640", "", "O", 22.38, 76.78, 0, 180],
		[95, "U2_5", 728.89, 1097.39, "T", "SMD", "GND", "GND", "O", 22.38, 76.78, 0, 180],
		[96, "U2_6", 778.89, 1097.39, "T", "SMD", "R485_A", "", "O", 22.38, 76.78, 0, 180],
		[97, "U2_7", 828.89, 1097.39, "T", "SMD", "R485_B", "", "O", 22.38, 76.78, 0, 180],
		[98, "U2_8", 878.89, 1097.39, "T", "SMD", "+3.3V", "", "O", 22.38, 76.78, 0, 180],
		[99, "U_EN_1", 720.47, 2261.81, "T", "DIP", "U1_EN", "", "R", 59.06, 177.17, 39.37, 180],
		[100, "U_EN_1", 720.47, 2261.81, "B", "DIP", "U1_EN", "", "R", 59.06, 177.17, 39.37, 180],
		[101, "PAD1_1", 365, 810, "T", "DIP", "GND", "GND", "C", 47.24, 47.24, 31.5, 0],
		[102, "PAD1_1", 365, 810, "B", "DIP", "GND", "GND", "C", 47.24, 47.24, 31.5, 0],
		[103, "PAD2_1", 985, 905, "T", "DIP", "GND", "GND", "C", 47.24, 47.24, 31.5, 0],
		[104, "PAD2_1", 985, 905, "B", "DIP", "GND", "GND", "C", 47.24, 47.24, 31.5, 0],
		[105, "PAD3_1", 1200, 700, "T", "DIP", "GND", "GND", "C", 47.24, 47.24, 31.5, 0],
		[106, "PAD3_1", 1200, 700, "B", "DIP", "GND", "GND", "C", 47.24, 47.24, 31.5, 0],
		[107, "PAD4_1", 1305, 1020, "T", "DIP", "GND", "GND", "C", 47.24, 47.24, 31.5, 0],
		[108, "PAD4_1", 1305, 1020, "B", "DIP", "GND", "GND", "C", 47.24, 47.24, 31.5, 0],
		[109, "PAD5_1", 1095, 1275, "T", "DIP", "GND", "GND", "C", 47.24, 47.24, 31.5, 0],
		[110, "PAD5_1", 1095, 1275, "B", "DIP", "GND", "GND", "C", 47.24, 47.24, 31.5, 0],
		[111, "PAD6_1", 655, 1095, "T", "DIP", "GND", "GND", "C", 47.24, 47.24, 31.5, 0],
		[112, "PAD6_1", 655, 1095, "B", "DIP", "GND", "GND", "C", 47.24, 47.24, 31.5, 0],
		[113, "PAD7_1", 520, 1830, "T", "DIP", "GND", "GND", "C", 47.24, 47.24, 31.5, 0],
		[114, "PAD7_1", 520, 1830, "B", "DIP", "GND", "GND", "C", 47.24, 47.24, 31.5, 0],
		[115, "PAD8_1", 515, 1620, "T", "DIP", "GND", "GND", "C", 47.24, 47.24, 31.5, 0],
		[116, "PAD8_1", 515, 1620, "B", "DIP", "GND", "GND", "C", 47.24, 47.24, 31.5, 0],
		[117, "PAD9_1", 515, 1415, "T", "DIP", "GND", "GND", "C", 47.24, 47.24, 31.5, 0],
		[118, "PAD9_1", 515, 1415, "B", "DIP", "GND", "GND", "C", 47.24, 47.24, 31.5, 0],
		[119, "PAD10_1", 515, 2020, "T", "DIP", "GND", "GND", "C", 47.24, 47.24, 31.5, 0],
		[120, "PAD10_1", 515, 2020, "B", "DIP", "GND", "GND", "C", 47.24, 47.24, 31.5, 0],
		[121, "PAD11_1", 1140, 905, "T", "DIP", "GND", "GND", "C", 47.24, 47.24, 31.5, 0],
		[122, "PAD11_1", 1140, 905, "B", "DIP", "GND", "GND", "C", 47.24, 47.24, 31.5, 0]
	]
}
}