{
"lengthUnit": "mil",
"components": {
	"fields": ["COMPONENT_NO", "COMPONENT_NAME", "LAYER", "X_COORDINATE", "Y_COORDINATE", "ANGLE"],
	"rows": [
		[1, "+3.3V", "T", 102.36, 1929.13, 90],
		[2, "+12V1", "T", 2259.84, 1929.13, 90],
		[3, "C1", "B", 959, 1871, 180],
		[4, "C2", "B", 443, 2093, 0],
		[5, "C3", "T", 490, 245, 90],
		[6, "C4", "T", 1095.63, 250.63, 90],
		[7, "C5", "T", 1250, 250, 90],
		[8, "C6", "T", 1900, 250, 90],
		[9, "C16", "B", 794, 2071, 180],
		[10, "C17", "B", 959, 1735, 180],
		[11, "C18", "B", 443, 2008, 0],
		[12, "C19", "B", 442, 1923, 0],
		[13, "C20", "B", 612, 2071, 180],
		[14, "C22", "B", 591, 1576, 180],
		[15, "C23", "B", 591, 1494, 180],
		[16, "C38", "B", 1970, 1565, 180],
		[17, "C39", "B", 1635, 1578, 0],
		[18, "C40", "T", 2020, 1807, 90],
		[19, "C41", "T", 2021, 1976, 270],
		[20, "C42", "B", 2080, 815, 180],
		[21, "C43", "B", 1730, 815, 0],
		[22, "C44", "T", 2086, 1149, 270],
		[23, "C45", "T", 2005, 1150, 270],
		[24, "C46", "B", 445, 715, 180],
		[25, "C47", "T", 644, 1362, 180],
		[26, "C48", "T", 1048, 849, 180],
		[27, "C49", "T", 660, 795, 180],
		[28, "C50", "T", 642, 1171, 180],
		[29, "C51", "B", 769, 1346, 0],
		[30, "C52", "B", 1065, 1170, 270],
		[31, "DISP0", "T", 1165.35, 1805.12, 0],
		[32, "DISP1", "T", 1354.33, 1181.1, 0],
		[33, "GND", "T", 102.36, 1771.65, 270],
		[34, "GND1", "T", 2259.84, 1771.65, 90],
		[35, "GND2", "T", 2259.84, 984.25, 90],
		[36, "GND3", "T", 102.36, 74.8, 270],
		[37, "GND4", "T", 2259.84, 74.8, 90],
		[38, "H1", "B", 442, 1349, 180],
		[39, "H2", "T", 303, 872, 90],
		[40, "L1", "B", 676, 1912, 0],
		[41, "LED1", "T", 314.96, 610.24, 0],
		[42, "LED2", "T", 980, 610, 0],
		[43, "LED3", "T", 1582.68, 610.24, 0],
		[44, "LED4", "T", 2173.23, 610.24, 0],
		[45, "R1", "B", 766, 1580, 0],
		[46, "R2", "T", 490, 410, 90],
		[47, "R22", "T", 1095, 410, 90],
		[48, "R23", "T", 1250.63, 409.37, 90],
		[49, "R24", "T", 1900, 415, 90],
		[50, "R32", "T", 480, 610, 0],
		[51, "R48", "B", 767, 1477, 0],
		[52, "R84", "B", 1845, 1543, 270],
		[53, "R85", "B", 1762, 1543, 270],
		[54, "R86", "B", 1950, 775, 270],
		[55, "R87", "B", 1860, 775, 270],
		[56, "R88", "B", 445, 795, 0],
		[57, "R89", "T", 495, 1090, 0],
		[58, "R90", "T", 980, 700, 180],
		[59, "R91", "T", 1585, 700, 180],
		[60, "R92", "T", 2175, 700, 180],
		[61, "RLY", "T", 2259.84, 1614.17, 90],
		[62, "SCK", "T", 102.36, 826.77, 270],
		[63, "SDI", "T", 102.36, 1141.73, 90],
		[64, "SDO", "T", 102.36, 984.25, 90],
		[65, "SS", "T", 102.36, 669.29, 90],
		[66, "SSR", "T", 2259.84, 1456.69, 90],
		[67, "SW1", "T", 236.22, 334.65, 0],
		[68, "SW2", "T", 865, 334.65, 0],
		[69, "SW3", "T", 1496.06, 334.65, 0],
		[70, "SW4", "T", 2125.98, 334.65, 0],
		[71, "SW5", "B", 538.04, 430, 270],
		[72, "U1", "B", 750, 1020, 0],
		[73, "U1_EN", "T", 102.36, 1614.17, 90],
		[74, "U1_RX", "T", 102.36, 1456.69, 90],
		[75, "U1_TX", "T", 102.36, 1299.21, 90],
		[76, "U3_RX", "T", 2259.84, 1141.73, 90],
		[77, "U3_TX", "T", 2259.84, 1299.21, 90],
		[78, "U5", "B", 751, 1711, 90],
		[79, "U6", "B", 428, 1700, 90],
		[80, "U11", "B", 1785, 1895, 90],
		[81, "U12", "B", 1900, 1135, 90],
		[82, "PAD1", "T", 872, 1982, 0],
		[83, "PAD1", "B", 872, 1982, 0]
	]
},
"pins": {
	"fields": ["PIN_NO", "PIN_NAME", "PIN_X", "PIN_Y", "LAYER", "PIN_TYPE", "NET_NAME", "NET_TYPE", "PAD_SHAPE", "PAD_SIZEX", "PAD_SIZEY", "HOLE_SIZE", "PAD_ANGLE"],
	"rows": [
		[1, "+3.3V_1", 102.36, 1929.13, "T", "DIP", "+3.3V", "", "R", 59.06, 177.17, 39.37, 90],
		[2, "+3.3V_1", 102.36, 1929.13, "B", "DIP", "+3.3V", "", "R", 59.06, 177.17, 39.37, 90],
		[3, "+12V1_1", 2259.84, 1929.13, "T", "DIP", "+12V", "", "R", 59.06, 177.17, 39.37, 90],
		[4, "+12V1_1", 2259.84, 1929.13, "B", "DIP", "+12V", "", "R", 59.06, 177.17, 39.37, 90],
		[5, "C1_1", 1018.74, 1871, "B", "SMD", "GND", "GND", "R", 64.37, 106.3, 0, 180],
		[6, "C1_2", 899.26, 1871, "B", "SMD", "+12V", "", "R", 64.37, 106.3, 0, 180],
		[7, "C2_1", 403.63, 2093, "B", "SMD", "GND", "GND", "R", 55.51, 53.15, 0, 0],
		[8, "C2_2", 482.37, 2093, "B", "SMD", "+5V", "", "R", 55.51, 53.15, 0, 0],
		[9, "C3_1", 490, 205.63, "T", "SMD", "GND", "GND", "R", 55.51, 53.15, 0, 90],
		[10, "C3_2", 490, 284.37, "T", "SMD", "SW1", "", "R", 55.51, 53.15, 0, 90],
		[11, "C4_1", 1095.63, 211.26, "T", "SMD", "GND", "GND", "R", 55.51, 53.15, 0, 90],
		[12, "C4_2", 1095.63, 290, "T", "SMD", "SW2", "", "R", 55.51, 53.15, 0, 90],
		[13, "C5_1", 1250, 210.63, "T", "SMD", "GND", "GND", "R", 55.51, 53.15, 0, 90],
		[14, "C5_2", 1250, 289.37, "T", "SMD", "SW3", "", "R", 55.51, 53.15, 0, 90],
		[15, "C6_1", 1900, 210.63, "T", "SMD", "GND", "GND", "R", 55.51, 53.15, 0, 90],
		[16, "C6_2", 1900, 289.37, "T", "SMD", "SW4", "", "R", 55.51, 53.15, 0, 90],
		[17, "C16_1", 833.37, 2071, "B", "SMD", "$1N5726", "", "R", 55.51, 53.15, 0, 180],
		[18, "C16_2", 754.63, 2071, "B", "SMD", "$1N5723", "", "R", 55.51, 53.15, 0, 180],
		[19, "C17_1", 1018.74, 1735, "B", "SMD", "GND", "GND", "R", 64.37, 106.3, 0, 180],
		[20, "C17_2", 899.26, 1735, "B", "SMD", "+12V", "", "R", 64.37, 106.3, 0, 180],
		[21, "C18_1", 403.63, 2008, "B", "SMD", "GND", "GND", "R", 55.51, 53.15, 0, 0],
		[22, "C18_2", 482.37, 2008, "B", "SMD", "+5V", "", "R", 55.51, 53.15, 0, 0],
		[23, "C19_1", 402.63, 1923, "B", "SMD", "GND", "GND", "R", 55.51, 53.15, 0, 0],
		[24, "C19_2", 481.37, 1923, "B", "SMD", "+5V", "", "R", 55.51, 53.15, 0, 0],
		[25, "C20_1", 651.37, 2071, "B", "SMD", "GND", "GND", "R", 55.51, 53.15, 0, 180],
		[26, "C20_2", 572.63, 2071, "B", "SMD", "+5V", "", "R", 55.51, 53.15, 0, 180],
		[27, "C22_1", 630.37, 1576, "B", "SMD", "GND", "GND", "R", 55.51, 53.15, 0, 180],
		[28, "C22_2", 551.63, 1576, "B", "SMD", "+3.3V", "", "R", 55.51, 53.15, 0, 180],
		[29, "C23_1", 630.37, 1494, "B", "SMD", "GND", "GND", "R", 55.51, 53.15, 0, 180],
		[30, "C23_2", 551.63, 1494, "B", "SMD", "+3.3V", "", "R", 55.51, 53.15, 0, 180],
		[31, "C38_1", 2009.37, 1565, "B", "SMD", "GND", "GND", "R", 55.51, 53.15, 0, 180],
		[32, "C38_2", 1930.63, 1565, "B", "SMD", "CLK1", "", "R", 55.51, 53.15, 0, 180],
		[33, "C39_1", 1595.63, 1578, "B", "SMD", "GND", "GND", "R", 55.51, 53.15, 0, 0],
		[34, "C39_2", 1674.37, 1578, "B", "SMD", "DIO1", "", "R", 55.51, 53.15, 0, 0],
		[35, "C40_1", 2020, 1767.63, "T", "SMD", "GND", "GND", "R", 55.51, 53.15, 0, 90],
		[36, "C40_2", 2020, 1846.37, "T", "SMD", "+5V", "", "R", 55.51, 53.15, 0, 90],
		[37, "C41_1", 2021, 2015.37, "T", "SMD", "GND", "GND", "R", 55.51, 53.15, 0, 270],
		[38, "C41_2", 2021, 1936.63, "T", "SMD", "+5V", "", "R", 55.51, 53.15, 0, 270],
		[39, "C42_1", 2119.37, 815, "B", "SMD", "GND", "GND", "R", 55.51, 53.15, 0, 180],
		[40, "C42_2", 2040.63, 815, "B", "SMD", "CLK2", "", "R", 55.51, 53.15, 0, 180],
		[41, "C43_1", 1690.63, 815, "B", "SMD", "GND", "GND", "R", 55.51, 53.15, 0, 0],
		[42, "C43_2", 1769.37, 815, "B", "SMD", "DIO2", "", "R", 55.51, 53.15, 0, 0],
		[43, "C44_1", 2086, 1188.37, "T", "SMD", "GND", "GND", "R", 55.51, 53.15, 0, 270],
		[44, "C44_2", 2086, 1109.63, "T", "SMD", "+5V", "", "R", 55.51, 53.15, 0, 270],
		[45, "C45_1", 2005, 1189.37, "T", "SMD", "GND", "GND", "R", 55.51, 53.15, 0, 270],
		[46, "C45_2", 2005, 1110.63, "T", "SMD", "+5V", "", "R", 55.51, 53.15, 0, 270],
		[47, "C46_1", 484.37, 715, "B", "SMD", "GND", "GND", "R", 55.51, 53.15, 0, 180],
		[48, "C46_2", 405.63, 715, "B", "SMD", "RST", "", "R", 55.51, 53.15, 0, 180],
		[49, "C47_1", 683.37, 1362, "T", "SMD", "GND", "GND", "R", 55.51, 53.15, 0, 180],
		[50, "C47_2", 604.63, 1362, "T", "SMD", "+3.3V", "", "R", 55.51, 53.15, 0, 180],
		[51, "C48_1", 1087.37, 849, "T", "SMD", "GND", "GND", "R", 55.51, 53.15, 0, 180],
		[52, "C48_2", 1008.63, 849, "T", "SMD", "+3.3V", "", "R", 55.51, 53.15, 0, 180],
		[53, "C49_1", 699.37, 795, "T", "SMD", "GND", "GND", "R", 55.51, 53.15, 0, 180],
		[54, "C49_2", 620.63, 795, "T", "SMD", "+3.3V", "", "R", 55.51, 53.15, 0, 180],
		[55, "C50_1", 681.37, 1171, "T", "SMD", "GND", "GND", "R", 55.51, 53.15, 0, 180],
		[56, "C50_2", 602.63, 1171, "T", "SMD", "+3.3V", "", "R", 55.51, 53.15, 0, 180],
		[57, "C51_1", 729.63, 1346, "B", "SMD", "GND", "GND", "R", 55.51, 53.15, 0, 0],
		[58, "C51_2", 808.37, 1346, "B", "SMD", "+3.3V", "", "R", 55.51, 53.15, 0, 0],
		[59, "C52_1", 1065, 1209.37, "B", "SMD", "GND", "GND", "R", 55.51, 53.15, 0, 270],
		[60, "C52_2", 1065, 1130.63, "B", "SMD", "+3.3V", "", "R", 55.51, 53.15, 0, 270],
		[61, "DISP0_1", 915.35, 1555.12, "T", "DIP", "SEG_E1", "", "C", 60, 60, 30, 0],
		[62, "DISP0_1", 915.35, 1555.12, "B", "DIP", "SEG_E1", "", "C", 60, 60, 30, 0],
		[63, "DISP0_2", 1015.35, 1555.12, "T", "DIP", "SEG_D1", "", "C", 60, 60, 30, 0],
		[64, "DISP0_2", 1015.35, 1555.12, "B", "DIP", "SEG_D1", "", "C", 60, 60, 30, 0],
		[65, "DISP0_3", 1115.35, 1555.12, "T", "DIP", "SEG_H1", "", "C", 60, 60, 30, 0],
		[66, "DISP0_3", 1115.35, 1555.12, "B", "DIP", "SEG_H1", "", "C", 60, 60, 30, 0],
		[67, "DISP0_4", 1215.35, 1555.12, "T", "DIP", "SEG_C1", "", "C", 60, 60, 30, 0],
		[68, "DISP0_4", 1215.35, 1555.12, "B", "DIP", "SEG_C1", "", "C", 60, 60, 30, 0],
		[69, "DISP0_5", 1315.35, 1555.12, "T", "DIP", "SEG_G1", "", "C", 60, 60, 30, 0],
		[70, "DISP0_5", 1315.35, 1555.12, "B", "DIP", "SEG_G1", "", "C", 60, 60, 30, 0],
		[71, "DISP0_6", 1415.35, 1555.12, "T", "DIP", "DIG_4", "", "C", 60, 60, 30, 0],
		[72, "DISP0_6", 1415.35, 1555.12, "B", "DIP", "DIG_4", "", "C", 60, 60, 30, 0],
		[73, "DISP0_7", 1415.35, 2055.12, "T", "DIP", "SEG_B1", "", "C", 60, 60, 30, 0],
		[74, "DISP0_7", 1415.35, 2055.12, "B", "DIP", "SEG_B1", "", "C", 60, 60, 30, 0],
		[75, "DISP0_8", 1315.35, 2055.12, "T", "DIP", "DIG_3", "", "C", 60, 60, 30, 0],
		[76, "DISP0_8", 1315.35, 2055.12, "B", "DIP", "DIG_3", "", "C", 60, 60, 30, 0],
		[77, "DISP0_9", 1215.35, 2055.12, "T", "DIP", "DIG_2", "", "C", 60, 60, 30, 0],
		[78, "DISP0_9", 1215.35, 2055.12, "B", "DIP", "DIG_2", "", "C", 60, 60, 30, 0],
		[79, "DISP0_10", 1115.35, 2055.12, "T", "DIP", "SEG_F1", "", "C", 60, 60, 30, 0],
		[80, "DISP0_10", 1115.35, 2055.12, "B", "DIP", "SEG_F1", "", "C", 60, 60, 30, 0],
		[81, "DISP0_11", 1015.35, 2055.12, "T", "DIP", "SEG_A1", "", "C", 60, 60, 30, 0],
		[82, "DISP0_11", 1015.35, 2055.12, "B", "DIP", "SEG_A1", "", "C", 60, 60, 30, 0],
		[83, "DISP0_12", 915.35, 2055.12, "T", "DIP", "DIG_1", "", "C", 60, 60, 30, 0],
		[84, "DISP0_12", 915.35, 2055.12, "B", "DIP", "DIG_1", "", "C", 60, 60, 30, 0],
		[85, "DISP1_1", 1104.33, 981.1, "T", "DIP", "SEG_E2", "", "C", 60, 60, 30, 0],
		[86, "DISP1_1", 1104.33, 981.1, "B", "DIP", "SEG_E2", "", "C", 60, 60, 30, 0],
		[87, "DISP1_2", 1204.33, 981.1, "T", "DIP", "SEG_D2", "", "C", 60, 60, 30, 0],
		[88, "DISP1_2", 1204.33, 981.1, "B", "DIP", "SEG_D2", "", "C", 60, 60, 30, 0],
		[89, "DISP1_3", 1304.33, 981.1, "T", "DIP", "SEG_H2", "", "C", 60, 60, 30, 0],
		[90, "DISP1_3", 1304.33, 981.1, "B", "DIP", "SEG_H2", "", "C", 60, 60, 30, 0],
		[91, "DISP1_4", 1404.33, 981.1, "T", "DIP", "SEG_C2", "", "C", 60, 60, 30, 0],
		[92, "DISP1_4", 1404.33, 981.1, "B", "DIP", "SEG_C2", "", "C", 60, 60, 30, 0],
		[93, "DISP1_5", 1504.33, 981.1, "T", "DIP", "SEG_G2", "", "C", 60, 60, 30, 0],
		[94, "DISP1_5", 1504.33, 981.1, "B", "DIP", "SEG_G2", "", "C", 60, 60, 30, 0],
		[95, "DISP1_6", 1604.33, 981.1, "T", "DIP", "DIG_8", "", "C", 60, 60, 30, 0],
		[96, "DISP1_6", 1604.33, 981.1, "B", "DIP", "DIG_8", "", "C", 60, 60, 30, 0],
		[97, "DISP1_7", 1604.33, 1381.1, "T", "DIP", "SEG_B2", "", "C", 60, 60, 30, 0],
		[98, "DISP1_7", 1604.33, 1381.1, "B", "DIP", "SEG_B2", "", "C", 60, 60, 30, 0],
		[99, "DISP1_8", 1504.33, 1381.1, "T", "DIP", "DIG_7", "", "C", 60, 60, 30, 0],
		[100, "DISP1_8", 1504.33, 1381.1, "B", "DIP", "DIG_7", "", "C", 60, 60, 30, 0],
		[101, "DISP1_9", 1404.33, 1381.1, "T", "DIP", "DIG_6", "", "C", 60, 60, 30, 0],
		[102, "DISP1_9", 1404.33, 1381.1, "B", "DIP", "DIG_6", "", "C", 60, 60, 30, 0],
		[103, "DISP1_10", 1304.33, 1381.1, "T", "DIP", "SEG_F2", "", "C", 60, 60, 30, 0],
		[104, "DISP1_10", 1304.33, 1381.1, "B", "DIP", "SEG_F2", "", "C", 60, 60, 30, 0],
		[105, "DISP1_11", 1204.33, 1381.1, "T", "DIP", "SEG_A2", "", "C", 60, 60, 30, 0],
		[106, "DISP1_11", 1204.33, 1381.1, "B", "DIP", "SEG_A2", "", "C", 60, 60, 30, 0],
		[107, "DISP1_12", 1104.33, 1381.1, "T", "DIP", "DIG_5", "", "C", 60, 60, 30, 0],
		[108, "DISP1_12", 1104.33, 1381.1, "B", "DIP", "DIG_5", "", "C", 60, 60, 30, 0],
		[109, "GND_1", 102.36, 1771.65, "T", "DIP", "GND", "GND", "R", 59.06, 177.17, 39.37, 270],
		[110, "GND_1", 102.36, 1771.65, "B", "DIP", "GND", "GND", "R", 59.06, 177.17, 39.37, 270],
		[111, "GND1_1", 2259.84, 1771.65, "T", "DIP", "GND", "GND", "R", 59.06, 177.17, 39.37, 90],
		[112, "GND1_1", 2259.84, 1771.65, "B", "DIP", "GND", "GND", "R", 59.06, 177.17, 39.37, 90],
		[113, "GND2_1", 2259.84, 984.25, "T", "DIP", "GND", "GND", "R", 59.06, 177.17, 39.37, 90],
		[114, "GND2_1", 2259.84, 984.25, "B", "DIP", "GND", "GND", "R", 59.06, 177.17, 39.37, 90],
		[115, "GND3_1", 102.36, 74.8, "T", "DIP", "GND", "GND", "R", 59.06, 177.17, 39.37, 270],
		[116, "GND3_1", 102.36, 74.8, "B", "DIP", "GND", "GND", "R", 59.06, 177.17, 39.37, 270],
		[117, "GND4_1", 2259.84, 74.8, "T", "DIP", "GND", "GND", "R", 59.06, 177.17, 39.37, 90],
		[118, "GND4_1", 2259.84, 74.8, "B", "DIP", "GND", "GND", "R", 59.06, 177.17, 39.37, 90],
		[119, "H1_1", 492, 1349, "T", "DIP", "+3.3V", "", "R", 78.74, 78.74, 47.24, 180],
		[120, "H1_1", 492, 1349, "B", "DIP", "+3.3V", "", "R", 78.74, 78.74, 47.24, 180],
		[121, "H1_2", 392, 1349, "T", "DIP", "BOOT0", "", "C", 78.74, 78.74, 47.24, 180],
		[122, "H1_2", 392, 1349, "B", "DIP", "BOOT0", "", "C", 78.74, 78.74, 47.24, 180],
		[123, "H2_1", 303, 722, "T", "DIP", "RST", "", "R", 66.93, 66.93, 43.31, 90],
		[124, "H2_1", 303, 722, "B", "DIP", "RST", "", "R", 66.93, 66.93, 43.31, 90],
		[125, "H2_2", 303, 822, "T", "DIP", "SWDIO", "", "C", 66.93, 66.93, 43.31, 90],
		[126, "H2_2", 303, 822, "B", "DIP", "SWDIO", "", "C", 66.93, 66.93, 43.31, 90],
		[127, "H2_3", 303, 922, "T", "DIP", "GND", "GND", "C", 66.93, 66.93, 43.31, 90],
		[128, "H2_3", 303, 922, "B", "DIP", "GND", "GND", "C", 66.93, 66.93, 43.31, 90],
		[129, "H2_4", 303, 1022, "T", "DIP", "SWCLK", "", "C", 66.93, 66.93, 43.31, 90],
		[130, "H2_4", 303, 1022, "B", "DIP", "SWCLK", "", "C", 66.93, 66.93, 43.31, 90],
		[131, "L1_1", 756.71, 1912, "B", "SMD", "$1N5723", "", "R", 74.8, 98.42, 0, 0],
		[132, "L1_2", 595.29, 1912, "B", "SMD", "+5V", "", "R", 74.8, 98.42, 0, 0],
		[133, "LED1_1", 356.31, 610.24, "T", "SMD", "$1N10529", "", "R", 39.37, 55.1, 0, 180],
		[134, "LED1_2", 273.61, 610.24, "T", "SMD", "GND", "GND", "R", 39.37, 55.1, 0, 180],
		[135, "LED2_1", 1021.35, 610, "T", "SMD", "$1N10623", "", "R", 39.37, 55.1, 0, 180],
		[136, "LED2_2", 938.65, 610, "T", "SMD", "GND", "GND", "R", 39.37, 55.1, 0, 180],
		[137, "LED3_1", 1624.03, 610.24, "T", "SMD", "$1N10717", "", "R", 39.37, 55.1, 0, 180],
		[138, "LED3_2", 1541.33, 610.24, "T", "SMD", "GND", "GND", "R", 39.37, 55.1, 0, 180],
		[139, "LED4_1", 2214.58, 610.24, "T", "SMD", "$1N10811", "", "R", 39.37, 55.1, 0, 180],
		[140, "LED4_2", 2131.88, 610.24, "T", "SMD", "GND", "GND", "R", 39.37, 55.1, 0, 180],
		[141, "R1_1", 726.63, 1580, "B", "SMD", "+5V", "", "R", 44.59, 54.21, 0, 0],
		[142, "R1_2", 805.37, 1580, "B", "SMD", "$1N5728", "", "R", 44.59, 54.21, 0, 0],
		[143, "R2_1", 490, 370.63, "T", "SMD", "SW1", "", "R", 44.59, 54.21, 0, 90],
		[144, "R2_2", 490, 449.37, "T", "SMD", "+3.3V", "", "R", 44.59, 54.21, 0, 90],
		[145, "R22_1", 1095, 370.63, "T", "SMD", "SW2", "", "R", 44.59, 54.21, 0, 90],
		[146, "R22_2", 1095, 449.37, "T", "SMD", "+3.3V", "", "R", 44.59, 54.21, 0, 90],
		[147, "R23_1", 1250.63, 370, "T", "SMD", "SW3", "", "R", 44.59, 54.21, 0, 90],
		[148, "R23_2", 1250.63, 448.74, "T", "SMD", "+3.3V", "", "R", 44.59, 54.21, 0, 90],
		[149, "R24_1", 1900, 375.63, "T", "SMD", "SW4", "", "R", 44.59, 54.21, 0, 90],
		[150, "R24_2", 1900, 454.37, "T", "SMD", "+3.3V", "", "R", 44.59, 54.21, 0, 90],
		[151, "R32_1", 440.63, 610, "T", "SMD", "$1N10529", "", "R", 44.59, 54.21, 0, 0],
		[152, "R32_2", 519.37, 610, "T", "SMD", "LD1", "", "R", 44.59, 54.21, 0, 0],
		[153, "R48_1", 727.63, 1477, "B", "SMD", "GND", "GND", "R", 44.59, 54.21, 0, 0],
		[154, "R48_2", 806.37, 1477, "B", "SMD", "$1N5728", "", "R", 44.59, 54.21, 0, 0],
		[155, "R84_1", 1845, 1582.37, "B", "SMD", "CLK1", "", "R", 44.59, 54.21, 0, 270],
		[156, "R84_2", 1845, 1503.63, "B", "SMD", "+3.3V", "", "R", 44.59, 54.21, 0, 270],
		[157, "R85_1", 1762, 1582.37, "B", "SMD", "DIO1", "", "R", 44.59, 54.21, 0, 270],
		[158, "R85_2", 1762, 1503.63, "B", "SMD", "+3.3V", "", "R", 44.59, 54.21, 0, 270],
		[159, "R86_1", 1950, 814.37, "B", "SMD", "CLK2", "", "R", 44.59, 54.21, 0, 270],
		[160, "R86_2", 1950, 735.63, "B", "SMD", "+3.3V", "", "R", 44.59, 54.21, 0, 270],
		[161, "R87_1", 1860, 814.37, "B", "SMD", "DIO2", "", "R", 44.59, 54.21, 0, 270],
		[162, "R87_2", 1860, 735.63, "B", "SMD", "+3.3V", "", "R", 44.59, 54.21, 0, 270],
		[163, "R88_1", 405.63, 795, "B", "SMD", "RST", "", "R", 44.59, 54.21, 0, 0],
		[164, "R88_2", 484.37, 795, "B", "SMD", "+3.3V", "", "R", 44.59, 54.21, 0, 0],
		[165, "R89_1", 455.63, 1090, "T", "SMD", "GND", "GND", "R", 44.59, 54.21, 0, 0],
		[166, "R89_2", 534.37, 1090, "T", "SMD", "BOOT0", "", "R", 44.59, 54.21, 0, 0],
		[167, "R90_1", 1019.37, 700, "T", "SMD", "$1N10623", "", "R", 44.59, 54.21, 0, 180],
		[168, "R90_2", 940.63, 700, "T", "SMD", "LD2", "", "R", 44.59, 54.21, 0, 180],
		[169, "R91_1", 1624.37, 700, "T", "SMD", "$1N10717", "", "R", 44.59, 54.21, 0, 180],
		[170, "R91_2", 1545.63, 700, "T", "SMD", "LD3", "", "R", 44.59, 54.21, 0, 180],
		[171, "R92_1", 2214.37, 700, "T", "SMD", "$1N10811", "", "R", 44.59, 54.21, 0, 180],
		[172, "R92_2", 2135.63, 700, "T", "SMD", "LD4", "", "R", 44.59, 54.21, 0, 180],
		[173, "RLY_1", 2259.84, 1614.17, "T", "DIP", "RLY", "", "R", 59.06, 177.17, 39.37, 90],
		[174, "RLY_1", 2259.84, 1614.17, "B", "DIP", "RLY", "", "R", 59.06, 177.17, 39.37, 90],
		[175, "SCK_1", 102.36, 826.77, "T", "DIP", "M_SCK", "", "R", 59.06, 177.17, 39.37, 270],
		[176, "SCK_1", 102.36, 826.77, "B", "DIP", "M_SCK", "", "R", 59.06, 177.17, 39.37, 270],
		[177, "SDI_1", 102.36, 1141.73, "T", "DIP", "M_SDI", "", "R", 59.06, 177.17, 39.37, 90],
		[178, "SDI_1", 102.36, 1141.73, "B", "DIP", "M_SDI", "", "R", 59.06, 177.17, 39.37, 90],
		[179, "SDO_1", 102.36, 984.25, "T", "DIP", "M_SDO", "", "R", 59.06, 177.17, 39.37, 90],
		[180, "SDO_1", 102.36, 984.25, "B", "DIP", "M_SDO", "", "R", 59.06, 177.17, 39.37, 90],
		[181, "SS_1", 102.36, 669.29, "T", "DIP", "M_SS", "", "R", 59.06, 177.17, 39.37, 90],
		[182, "SS_1", 102.36, 669.29, "B", "DIP", "M_SS", "", "R", 59.06, 177.17, 39.37, 90],
		[183, "SSR_1", 2259.84, 1456.69, "T", "DIP", "SSR", "", "R", 59.06, 177.17, 39.37, 90],
		[184, "SSR_1", 2259.84, 1456.69, "B", "DIP", "SSR", "", "R", 59.06, 177.17, 39.37, 90],
		[185, "SW1_1", 108.27, 423.23, "T", "DIP", "SW1_1", "", "C", 70.87, 70.87, 47.24, 0],
		[186, "SW1_1", 108.27, 423.23, "B", "DIP", "SW1_1", "", "C", 70.87, 70.87, 47.24, 0],
		[187, "SW1_2", 364.17, 423.23, "T", "DIP", "SW1", "", "C", 70.87, 70.87, 47.24, 0],
		[188, "SW1_2", 364.17, 423.23, "B", "DIP", "SW1", "", "C", 70.87, 70.87, 47.24, 0],
		[189, "SW1_3", 108.27, 246.07, "T", "DIP", "SW1_3", "", "C", 70.87, 70.87, 47.24, 0],
		[190, "SW1_3", 108.27, 246.07, "B", "DIP", "SW1_3", "", "C", 70.87, 70.87, 47.24, 0],
		[191, "SW1_4", 364.17, 246.07, "T", "DIP", "GND", "GND", "C", 70.87, 70.87, 47.24, 0],
		[192, "SW1_4", 364.17, 246.07, "B", "DIP", "GND", "GND", "C", 70.87, 70.87, 47.24, 0],
		[193, "SW2_1", 737.05, 423.23, "T", "DIP", "SW2_1", "", "C", 70.87, 70.87, 47.24, 0],
		[194, "SW2_1", 737.05, 423.23, "B", "DIP", "SW2_1", "", "C", 70.87, 70.87, 47.24, 0],
		[195, "SW2_2", 992.95, 423.23, "T", "DIP", "SW2", "", "C", 70.87, 70.87, 47.24, 0],
		[196, "SW2_2", 992.95, 423.23, "B", "DIP", "SW2", "", "C", 70.87, 70.87, 47.24, 0],
		[197, "SW2_3", 737.05, 246.07, "T", "DIP", "SW2_3", "", "C", 70.87, 70.87, 47.24, 0],
		[198, "SW2_3", 737.05, 246.07, "B", "DIP", "SW2_3", "", "C", 70.87, 70.87, 47.24, 0],
		[199, "SW2_4", 992.95, 246.07, "T", "DIP", "GND", "GND", "C", 70.87, 70.87, 47.24, 0],
		[200, "SW2_4", 992.95, 246.07, "B", "DIP", "GND", "GND", "C", 70.87, 70.87, 47.24, 0],
		[201, "SW3_1", 1368.11, 423.23, "T", "DIP", "SW3", "", "C", 70.87, 70.87, 47.24, 0],
		[202, "SW3_1", 1368.11, 423.23, "B", "DIP", "SW3", "", "C", 70.87, 70.87, 47.24, 0],
		[203, "SW3_2", 1624.01, 423.23, "T", "DIP", "SW3_2", "", "C", 70.87, 70.87, 47.24, 0],
		[204, "SW3_2", 1624.01, 423.23, "B", "DIP", "SW3_2", "", "C", 70.87, 70.87, 47.24, 0],
		[205, "SW3_3", 1368.11, 246.07, "T", "DIP", "GND", "GND", "C", 70.87, 70.87, 47.24, 0],
		[206, "SW3_3", 1368.11, 246.07, "B", "DIP", "GND", "GND", "C", 70.87, 70.87, 47.24, 0],
		[207, "SW3_4", 1624.01, 246.07, "T", "DIP", "SW3_4", "", "C", 70.87, 70.87, 47.24, 0],
		[208, "SW3_4", 1624.01, 246.07, "B", "DIP", "SW3_4", "", "C", 70.87, 70.87, 47.24, 0],
		[209, "SW4_1", 1998.03, 423.23, "T", "DIP", "SW4", "", "C", 70.87, 70.87, 47.24, 0],
		[210, "SW4_1", 1998.03, 423.23, "B", "DIP", "SW4", "", "C", 70.87, 70.87, 47.24, 0],
		[211, "SW4_2", 2253.93, 423.23, "T", "DIP", "SW4_2", "", "C", 70.87, 70.87, 47.24, 0],
		[212, "SW4_2", 2253.93, 423.23, "B", "DIP", "SW4_2", "", "C", 70.87, 70.87, 47.24, 0],
		[213, "SW4_3", 1998.03, 246.07, "T", "DIP", "GND", "GND", "C", 70.87, 70.87, 47.24, 0],
		[214, "SW4_3", 1998.03, 246.07, "B", "DIP", "GND", "GND", "C", 70.87, 70.87, 47.24, 0],
		[215, "SW4_4", 2253.93, 246.07, "T", "DIP", "SW4_4", "", "C", 70.87, 70.87, 47.24, 0],
		[216, "SW4_4", 2253.93, 246.07, "B", "DIP", "SW4_4", "", "C", 70.87, 70.87, 47.24, 0],
		[217, "SW5_1", 465.21, 552.05, "B", "SMD", "RST", "", "R", 70.87, 47.24, 0, 270],
		[218, "SW5_2", 465.21, 307.95, "B", "SMD", "SW5_2", "", "R", 70.87, 47.24, 0, 270],
		[219, "SW5_3", 610.88, 552.05, "B", "SMD", "GND", "GND", "R", 70.87, 47.24, 0, 270],
		[220, "SW5_4", 610.88, 307.95, "B", "SMD", "SW5_4", "", "R", 70.87, 47.24, 0, 270],
		[221, "U1_1", 602.36, 1246.37, "B", "SMD", "+3.3V", "", "O", 11.81, 78.74, 0, 0],
		[222, "U1_2", 622.05, 1246.37, "B", "SMD", "U1_2", "", "O", 11.81, 78.74, 0, 0],
		[223, "U1_3", 641.73, 1246.37, "B", "SMD", "U1_3", "", "O", 11.81, 78.74, 0, 0],
		[224, "U1_4", 661.42, 1246.37, "B", "SMD", "U1_4", "", "O", 11.81, 78.74, 0, 0],
		[225, "U1_5", 681.1, 1246.37, "B", "SMD", "U1_5", "", "O", 11.81, 78.74, 0, 0],
		[226, "U1_6", 700.79, 1246.37, "B", "SMD", "U1_6", "", "O", 11.81, 78.74, 0, 0],
		[227, "U1_7", 720.47, 1246.37, "B", "SMD", "RST", "", "O", 11.81, 78.74, 0, 0],
		[228, "U1_8", 740.16, 1246.37, "B", "SMD", "U1_8", "", "O", 11.81, 78.74, 0, 0],
		[229, "U1_9", 759.84, 1246.37, "B", "SMD", "U1_9", "", "O", 11.81, 78.74, 0, 0],
		[230, "U1_10", 779.53, 1246.37, "B", "SMD", "U1_10", "", "O", 11.81, 78.74, 0, 0],
		[231, "U1_11", 799.21, 1246.37, "B", "SMD", "U1_11", "", "O", 11.81, 78.74, 0, 0],
		[232, "U1_12", 818.9, 1246.37, "B", "SMD", "GND", "GND", "O", 11.81, 78.74, 0, 0],
		[233, "U1_13", 838.58, 1246.37, "B", "SMD", "+3.3V", "", "O", 11.81, 78.74, 0, 0],
		[234, "U1_14", 858.27, 1246.37, "B", "SMD", "U1_14", "", "O", 11.81, 78.74, 0, 0],
		[235, "U1_15", 877.95, 1246.37, "B", "SMD", "U1_15", "", "O", 11.81, 78.74, 0, 0],
		[236, "U1_16", 897.64, 1246.37, "B", "SMD", "U1_16", "", "O", 11.81, 78.74, 0, 0],
		[237, "U1_17", 976.37, 1167.64, "B", "SMD", "U1_17", "", "O", 78.74, 11.81, 0, 0],
		[238, "U1_18", 976.37, 1147.95, "B", "SMD", "GND", "GND", "O", 78.74, 11.81, 0, 0],
		[239, "U1_19", 976.37, 1128.27, "B", "SMD", "+3.3V", "", "O", 78.74, 11.81, 0, 0],
		[240, "U1_20", 976.37, 1108.58, "B", "SMD", "U1_20", "", "O", 78.74, 11.81, 0, 0],
		[241, "U1_21", 976.37, 1088.9, "B", "SMD", "U1_21", "", "O", 78.74, 11.81, 0, 0],
		[242, "U1_22", 976.37, 1069.21, "B", "SMD", "U1_22", "", "O", 78.74, 11.81, 0, 0],
		[243, "U1_23", 976.37, 1049.53, "B", "SMD", "DIO1", "", "O", 78.74, 11.81, 0, 0],
		[244, "U1_24", 976.37, 1029.84, "B", "SMD", "CLK1", "", "O", 78.74, 11.81, 0, 0],
		[245, "U1_25", 976.37, 1010.16, "B", "SMD", "U1_25", "", "O", 78.74, 11.81, 0, 0],
		[246, "U1_26", 976.37, 990.47, "B", "SMD", "RLY", "", "O", 78.74, 11.81, 0, 0],
		[247, "U1_27", 976.37, 970.79, "B", "SMD", "SSR", "", "O", 78.74, 11.81, 0, 0],
		[248, "U1_28", 976.37, 951.1, "B", "SMD", "SW4", "", "O", 78.74, 11.81, 0, 0],
		[249, "U1_29", 976.37, 931.42, "B", "SMD", "U3_TX", "", "O", 78.74, 11.81, 0, 0],
		[250, "U1_30", 976.37, 911.73, "B", "SMD", "U3_RX", "", "O", 78.74, 11.81, 0, 0],
		[251, "U1_31", 976.37, 892.05, "B", "SMD", "GND", "GND", "O", 78.74, 11.81, 0, 0],
		[252, "U1_32", 976.37, 872.36, "B", "SMD", "+3.3V", "", "O", 78.74, 11.81, 0, 0],
		[253, "U1_33", 897.64, 793.63, "B", "SMD", "SW3", "", "O", 11.81, 78.74, 0, 0],
		[254, "U1_34", 877.95, 793.63, "B", "SMD", "SW2", "", "O", 11.81, 78.74, 0, 0],
		[255, "U1_35", 858.27, 793.63, "B", "SMD", "DIO2", "", "O", 11.81, 78.74, 0, 0],
		[256, "U1_36", 838.58, 793.63, "B", "SMD", "CLK2", "", "O", 11.81, 78.74, 0, 0],
		[257, "U1_37", 818.9, 793.63, "B", "SMD", "LD4", "", "O", 11.81, 78.74, 0, 0],
		[258, "U1_38", 799.21, 793.63, "B", "SMD", "LD3", "", "O", 11.81, 78.74, 0, 0],
		[259, "U1_39", 779.53, 793.63, "B", "SMD", "LD2", "", "O", 11.81, 78.74, 0, 0],
		[260, "U1_40", 759.84, 793.63, "B", "SMD", "LD1", "", "O", 11.81, 78.74, 0, 0],
		[261, "U1_41", 740.16, 793.63, "B", "SMD", "SW1", "", "O", 11.81, 78.74, 0, 0],
		[262, "U1_42", 720.47, 793.63, "B", "SMD", "U1_42", "", "O", 11.81, 78.74, 0, 0],
		[263, "U1_43", 700.79, 793.63, "B", "SMD", "U1_43", "", "O", 11.81, 78.74, 0, 0],
		[264, "U1_44", 681.1, 793.63, "B", "SMD", "U1_44", "", "O", 11.81, 78.74, 0, 0],
		[265, "U1_45", 661.42, 793.63, "B", "SMD", "U1_45", "", "O", 11.81, 78.74, 0, 0],
		[266, "U1_46", 641.73, 793.63, "B", "SMD", "SWDIO", "", "O", 11.81, 78.74, 0, 0],
		[267, "U1_47", 622.05, 793.63, "B", "SMD", "GND", "GND", "O", 11.81, 78.74, 0, 0],
		[268, "U1_48", 602.36, 793.63, "B", "SMD", "+3.3V", "", "O", 11.81, 78.74, 0, 0],
		[269, "U1_49", 523.63, 872.36, "B", "SMD", "SWCLK", "", "O", 78.74, 11.81, 0, 0],
		[270, "U1_50", 523.63, 892.05, "B", "SMD", "M_SS", "", "O", 78.74, 11.81, 0, 0],
		[271, "U1_51", 523.63, 911.73, "B", "SMD", "U1_51", "", "O", 78.74, 11.81, 0, 0],
		[272, "U1_52", 523.63, 931.42, "B", "SMD", "U1_52", "", "O", 78.74, 11.81, 0, 0],
		[273, "U1_53", 523.63, 951.1, "B", "SMD", "U1_53", "", "O", 78.74, 11.81, 0, 0],
		[274, "U1_54", 523.63, 970.79, "B", "SMD", "U1_54", "", "O", 78.74, 11.81, 0, 0],
		[275, "U1_55", 523.63, 990.47, "B", "SMD", "M_SCK", "", "O", 78.74, 11.81, 0, 0],
		[276, "U1_56", 523.63, 1010.16, "B", "SMD", "M_SDO", "", "O", 78.74, 11.81, 0, 0],
		[277, "U1_57", 523.63, 1029.84, "B", "SMD", "M_SDI", "", "O", 78.74, 11.81, 0, 0],
		[278, "U1_58", 523.63, 1049.53, "B", "SMD", "U1_TX", "", "O", 78.74, 11.81, 0, 0],
		[279, "U1_59", 523.63, 1069.21, "B", "SMD", "U1_RX", "", "O", 78.74, 11.81, 0, 0],
		[280, "U1_60", 523.63, 1088.9, "B", "SMD", "BOOT0", "", "O", 78.74, 11.81, 0, 0],
		[281, "U1_61", 523.63, 1108.58, "B", "SMD", "U1_EN", "", "O", 78.74, 11.81, 0, 0],
		[282, "U1_62", 523.63, 1128.27, "B", "SMD", "U1_62", "", "O", 78.74, 11.81, 0, 0],
		[283, "U1_63", 523.63, 1147.95, "B", "SMD", "GND", "GND", "O", 78.74, 11.81, 0, 0],
		[284, "U1_64", 523.63, 1167.64, "B", "SMD", "+3.3V", "", "O", 78.74, 11.81, 0, 0],
		[285, "U1_EN_1", 102.36, 1614.17, "T", "DIP", "U1_EN", "", "R", 59.06, 177.17, 39.37, 90],
		[286, "U1_EN_1", 102.36, 1614.17, "B", "DIP", "U1_EN", "", "R", 59.06, 177.17, 39.37, 90],
		[287, "U1_RX_1", 102.36, 1456.69, "T", "DIP", "U1_RX", "", "R", 59.06, 177.17, 39.37, 90],
		[288, "U1_RX_1", 102.36, 1456.69, "B", "DIP", "U1_RX", "", "R", 59.06, 177.17, 39.37, 90],
		[289, "U1_TX_1", 102.36, 1299.21, "T", "DIP", "U1_TX", "", "R", 59.06, 177.17, 39.37, 90],
		[290, "U1_TX_1", 102.36, 1299.21, "B", "DIP", "U1_TX", "", "R", 59.06, 177.17, 39.37, 90],
		[291, "U3_RX_1", 2259.84, 1141.73, "T", "DIP", "U3_RX", "", "R", 59.06, 177.17, 39.37, 90],
		[292, "U3_RX_1", 2259.84, 1141.73, "B", "DIP", "U3_RX", "", "R", 59.06, 177.17, 39.37, 90],
		[293, "U3_TX_1", 2259.84, 1299.21, "T", "DIP", "U3_TX", "", "R", 59.06, 177.17, 39.37, 90],
		[294, "U3_TX_1", 2259.84, 1299.21, "B", "DIP", "U3_TX", "", "R", 59.06, 177.17, 39.37, 90],
		[295, "U5_1", 713.6, 1764.15, "B", "SMD", "GND", "GND", "R", 43.31, 23.62, 0, 90],
		[296, "U5_2", 751, 1764.15, "B", "SMD", "$1N5723", "", "R", 43.31, 23.62, 0, 90],
		[297, "U5_3", 788.4, 1764.15, "B", "SMD", "+12V", "", "R", 43.31, 23.62, 0, 90],
		[298, "U5_4", 788.4, 1657.85, "B", "SMD", "$1N5728", "", "R", 43.31, 23.62, 0, 90],
		[299, "U5_5", 751, 1657.85, "B", "SMD", "+12V", "", "R", 43.31, 23.62, 0, 90],
		[300, "U5_6", 713.6, 1657.85, "B", "SMD", "$1N5726", "", "R", 43.31, 23.62, 0, 90],
		[301, "U6_1", 337.45, 1816.93, "B", "SMD", "GND", "GND", "R", 98.42, 43.31, 0, 90],
		[302, "U6_2", 428, 1816.93, "B", "SMD", "+3.3V", "", "R", 98.42, 43.31, 0, 90],
		[303, "U6_3", 518.55, 1816.93, "B", "SMD", "+5V", "", "R", 98.42, 43.31, 0, 90],
		[304, "U6_4", 428, 1583.07, "B", "SMD", "+3.3V", "", "R", 92.13, 141.73, 0, 90],
		[305, "U11_1", 1605.87, 1670, "B", "SMD", "GND", "GND", "O", 23.62, 90.55, 0, 270],
		[306, "U11_2", 1605.87, 1720, "B", "SMD", "SEG_A1", "", "O", 23.62, 90.55, 0, 270],
		[307, "U11_3", 1605.87, 1770, "B", "SMD", "SEG_B1", "", "O", 23.62, 90.55, 0, 270],
		[308, "U11_4", 1605.87, 1820, "B", "SMD", "SEG_C1", "", "O", 23.62, 90.55, 0, 270],
		[309, "U11_5", 1605.87, 1870, "B", "SMD", "SEG_D1", "", "O", 23.62, 90.55, 0, 270],
		[310, "U11_6", 1605.87, 1920, "B", "SMD", "SEG_E1", "", "O", 23.62, 90.55, 0, 270],
		[311, "U11_7", 1605.87, 1970, "B", "SMD", "SEG_F1", "", "O", 23.62, 90.55, 0, 270],
		[312, "U11_8", 1605.87, 2020, "B", "SMD", "SEG_G1", "", "O", 23.62, 90.55, 0, 270],
		[313, "U11_9", 1605.87, 2070, "B", "SMD", "SEG_H1", "", "O", 23.62, 90.55, 0, 270],
		[314, "U11_10", 1605.87, 2120, "B", "SMD", "U11_10", "", "O", 23.62, 90.55, 0, 270],
		[315, "U11_11", 1964.13, 2120, "B", "SMD", "U11_11", "", "O", 23.62, 90.55, 0, 270],
		[316, "U11_12", 1964.13, 2070, "B", "SMD", "DIG_4", "", "O", 23.62, 90.55, 0, 270],
		[317, "U11_13", 1964.13, 2020, "B", "SMD", "DIG_3", "", "O", 23.62, 90.55, 0, 270],
		[318, "U11_14", 1964.13, 1970, "B", "SMD", "DIG_2", "", "O", 23.62, 90.55, 0, 270],
		[319, "U11_15", 1964.13, 1920, "B", "SMD", "DIG_1", "", "O", 23.62, 90.55, 0, 270],
		[320, "U11_16", 1964.13, 1870, "B", "SMD", "+5V", "", "O", 23.62, 90.55, 0, 270],
		[321, "U11_17", 1964.13, 1820, "B", "SMD", "DIO1", "", "O", 23.62, 90.55, 0, 270],
		[322, "U11_18", 1964.13, 1770, "B", "SMD", "CLK1", "", "O", 23.62, 90.55, 0, 270],
		[323, "U11_19", 1964.13, 1720, "B", "SMD", "U11_19", "", "O", 23.62, 90.55, 0, 270],
		[324, "U11_20", 1964.13, 1670, "B", "SMD", "U11_20", "", "O", 23.62, 90.55, 0, 270],
		[325, "U12_1", 1720.87, 910, "B", "SMD", "GND", "GND", "O", 23.62, 90.55, 0, 270],
		[326, "U12_2", 1720.87, 960, "B", "SMD", "SEG_A2", "", "O", 23.62, 90.55, 0, 270],
		[327, "U12_3", 1720.87, 1010, "B", "SMD", "SEG_B2", "", "O", 23.62, 90.55, 0, 270],
		[328, "U12_4", 1720.87, 1060, "B", "SMD", "SEG_C2", "", "O", 23.62, 90.55, 0, 270],
		[329, "U12_5", 1720.87, 1110, "B", "SMD", "SEG_D2", "", "O", 23.62, 90.55, 0, 270],
		[330, "U12_6", 1720.87, 1160, "B", "SMD", "SEG_E2", "", "O", 23.62, 90.55, 0, 270],
		[331, "U12_7", 1720.87, 1210, "B", "SMD", "SEG_F2", "", "O", 23.62, 90.55, 0, 270],
		[332, "U12_8", 1720.87, 1260, "B", "SMD", "SEG_G2", "", "O", 23.62, 90.55, 0, 270],
		[333, "U12_9", 1720.87, 1310, "B", "SMD", "SEG_H2", "", "O", 23.62, 90.55, 0, 270],
		[334, "U12_10", 1720.87, 1360, "B", "SMD", "U12_10", "", "O", 23.62, 90.55, 0, 270],
		[335, "U12_11", 2079.13, 1360, "B", "SMD", "U12_11", "", "O", 23.62, 90.55, 0, 270],
		[336, "U12_12", 2079.13, 1310, "B", "SMD", "DIG_8", "", "O", 23.62, 90.55, 0, 270],
		[337, "U12_13", 2079.13, 1260, "B", "SMD", "DIG_7", "", "O", 23.62, 90.55, 0, 270],
		[338, "U12_14", 2079.13, 1210, "B", "SMD", "DIG_6", "", "O", 23.62, 90.55, 0, 270],
		[339, "U12_15", 2079.13, 1160, "B", "SMD", "DIG_5", "", "O", 23.62, 90.55, 0, 270],
		[340, "U12_16", 2079.13, 1110, "B", "SMD", "+5V", "", "O", 23.62, 90.55, 0, 270],
		[341, "U12_17", 2079.13, 1060, "B", "SMD", "DIO2", "", "O", 23.62, 90.55, 0, 270],
		[342, "U12_18", 2079.13, 1010, "B", "SMD", "CLK2", "", "O", 23.62, 90.55, 0, 270],
		[343, "U12_19", 2079.13, 960, "B", "SMD", "U12_19", "", "O", 23.62, 90.55, 0, 270],
		[344, "U12_20", 2079.13, 910, "B", "SMD", "U12_20", "", "O", 23.62, 90.55, 0, 270],
		[345, "PAD1_1", 872, 1982, "T", "DIP", "+12V", "", "C", 70.87, 70.87, 47.24, 0],
		[346, "PAD1_1", 872, 1982, "B", "DIP", "+12V", "", "C", 70.87, 70.87, 47.24, 0]
	]
}
}