{
"lengthUnit": "mil",
"components": {
	"fields": ["COMPONENT_NO", "COMPONENT_NAME", "LAYER", "X_COORDINATE", "Y_COORDINATE", "ANGLE"],
	"rows": [
		[1, "+3.3V", "T", 405.51, 2261.81, 0],
		[2, "C7", "T", 990.78, 1099.52, 180],
		[3, "C8", "T", 1670, 980, 90],
		[4, "C9", "T", 1310.63, 786.26, 180],
		[5, "C10", "T", 1280, 1020, 90],
		[6, "C11", "T", 850, 340, 90],
		[7, "D1", "T", 1058.89, 793.89, 0],
		[8, "D2", "T", 798.89, 793.89, 0],
		[9, "D3", "T", 533.89, 793.89, 0],
		[10, "GND", "T", 562.99, 2261.81, 0],
		[11, "GND1", "T", 848.43, 129.92, 180],
		[12, "GND4", "T", 2259.84, 2261.81, 180],
		[13, "R5", "T", 948.89, 1448.89, 270],
		[14, "R27", "T", 648.89, 1418.89, 270],
		[15, "R28", "T", 828.89, 1448.89, 270],
		[16, "R29", "T", 878.89, 903.89, 0],
		[17, "R30", "T", 800, 990, 0],
		[18, "R31", "T", 718.89, 903.89, 0],
		[19, "R36", "T", 1341.04, 1351.09, 270],
		[20, "R37", "T", 1426.04, 1351.09, 270],
		[21, "R38", "T", 1511.04, 1351.09, 270],
		[22, "R39", "T", 1596.04, 1351.09, 270],
		[23, "R40", "T", 1475, 730, 180],
		[24, "R485_A", "T", 218.5, 129.92, 180],
		[25, "R485_B", "T", 533.46, 129.92, 180],
		[26, "RTD_F+", "T", 1163.39, 129.92, 180],
		[27, "RTD_IN-", "T", 1793.31, 129.92, 180],
		[28, "RTD_IN+", "T", 1478.35, 129.92, 180],
		[29, "RX1", "T", 877.95, 2261.81, 180],
		[30, "SCK", "T", 1507.87, 2261.81, 180],
		[31, "SDI", "T", 1192.91, 2261.81, 180],
		[32, "SDO", "T", 1350.39, 2261.81, 180],
		[33, "SS", "T", 1665.35, 2261.81, 180],
		[34, "TX1", "T", 1035.43, 2261.81, 180],
		[35, "U2", "T", 803.89, 1203.89, 180],
		[36, "U3", "T", 1475.26, 1023.77, 0],
		[37, "U_EN", "T", 720.47, 2261.81, 180],
		[38, "PAD1", "T", 365, 810, 0],
		[39, "PAD1", "B", 365, 810, 0],
		[40, "PAD2", "T", 985, 905, 0],
		[41, "PAD2", "B", 985, 905, 0],
		[42, "PAD3", "T", 1200, 700, 0],
		[43, "PAD3", "B", 1200, 700, 0],
		[44, "PAD4", "T", 1200, 875, 0],
		[45, "PAD4", "B", 1200, 875, 0],
		[46, "PAD5", "T", 1280, 1145, 0],
		[47, "PAD5", "B", 1280, 1145, 0],
		[48, "PAD6", "T", 1510, 1060, 0],
		[49, "PAD6", "B", 1510, 1060, 0],
		[50, "PAD7", "T", 655, 1095, 0],
		[51, "PAD7", "B", 655, 1095, 0],
		[52, "PAD8", "T", 520, 1830, 0],
		[53, "PAD8", "B", 520, 1830, 0],
		[54, "PAD9", "T", 515, 1620, 0],
		[55, "PAD9", "B", 515, 1620, 0],
		[56, "PAD10", "T", 515, 1415, 0],
		[57, "PAD10", "B", 515, 1415, 0],
		[58, "PAD11", "T", 515, 2020, 0],
		[59, "PAD11", "B", 515, 2020, 0]
	]
},
"pins": {
	"fields": ["PIN_NO", "PIN_NAME", "PIN_X", "PIN_Y", "LAYER", "PIN_TYPE", "NET_NAME", "NET_TYPE", "PAD_SHAPE", "PAD_SIZEX", "PAD_SIZEY", "HOLE_SIZE", "PAD_ANGLE"],
	"rows": [
		[1, "+3.3V_1", 405.51, 2261.81, "T", "DIP", "+3.3V", "", "R", 59.06, 177.17, 39.37, 0],
		[2, "+3.3V_1", 405.51, 2261.81, "B", "DIP", "+3.3V", "", "R", 59.06, 177.17, 39.37, 0],
		[3, "C7_1", 1030.15, 1099.52, "T", "SMD", "GND", "GND", "R", 55.51, 53.15, 0, 180],
		[4, "C7_2", 951.41, 1099.52, "T", "SMD", "+3.3V", "", "R", 55.51, 53.15, 0, 180],
		[5, "C8_1", 1670, 940.63, "T", "SMD", "RTD_IN+", "", "R", 55.51, 53.15, 0, 90],
		[6, "C8_2", 1670, 1019.37, "T", "SMD", "RTD_F-", "", "R", 55.51, 53.15, 0, 90],
		[7, "C9_1", 1350, 786.26, "T", "SMD", "+3.3V", "", "R", 55.51, 53.15, 0, 180],
		[8, "C9_2", 1271.26, 786.26, "T", "SMD", "GND", "GND", "R", 55.51, 53.15, 0, 180],
		[9, "C10_1", 1280, 980.63, "T", "SMD", "+3.3V", "", "R", 55.51, 53.15, 0, 90],
		[10, "C10_2", 1280, 1059.37, "T", "SMD", "GND", "GND", "R", 55.51, 53.15, 0, 90],
		[11, "C11_1", 850, 300.63, "T", "SMD", "GND1", "", "R", 55.51, 53.15, 0, 90],
		[12, "C11_2", 850, 379.37, "T", "SMD", "GND", "GND", "R", 55.51, 53.15, 0, 90],
		[13, "D1_1", 980.15, 793.89, "T", "SMD", "R485_B", "", "R", 78.74, 70.87, 0, 0],
		[14, "D1_2", 1137.63, 793.89, "T", "SMD", "GND", "GND", "R", 78.74, 70.87, 0, 0],
		[15, "D2_1", 720.15, 793.89, "T", "SMD", "R485_A", "", "R", 78.74, 70.87, 0, 0],
		[16, "D2_2", 877.63, 793.89, "T", "SMD", "R485_B", "", "R", 78.74, 70.87, 0, 0],
		[17, "D3_1", 455.15, 793.89, "T", "SMD", "GND", "GND", "R", 78.74, 70.87, 0, 0],
		[18, "D3_2", 612.63, 793.89, "T", "SMD", "R485_A", "", "R", 78.74, 70.87, 0, 0],
		[19, "GND_1", 562.99, 2261.81, "T", "DIP", "GND", "GND", "R", 59.06, 177.17, 39.37, 0],
		[20, "GND_1", 562.99, 2261.81, "B", "DIP", "GND", "GND", "R", 59.06, 177.17, 39.37, 0],
		[21, "GND1_1", 848.43, 129.92, "T", "DIP", "GND1", "", "R", 137.8, 236.22, 59.06, 180],
		[22, "GND1_1", 848.43, 129.92, "B", "DIP", "GND1", "", "R", 137.8, 236.22, 59.06, 180],
		[23, "GND4_1", 2259.84, 2261.81, "T", "DIP", "GND", "GND", "R", 59.06, 177.17, 39.37, 180],
		[24, "GND4_1", 2259.84, 2261.81, "B", "DIP", "GND", "GND", "R", 59.06, 177.17, 39.37, 180],
		[25, "R5_1", 948.89, 1488.26, "T", "SMD", "U1_RX", "", "R", 44.59, 54.21, 0, 270],
		[26, "R5_2", 948.89, 1409.52, "T", "SMD", "$3N638", "", "R", 44.59, 54.21, 0, 270],
		[27, "R27_1", 648.89, 1458.26, "T", "SMD", "U1_TX", "", "R", 44.59, 54.21, 0, 270],
		[28, "R27_2", 648.89, 1379.52, "T", "SMD", "$3N640", "", "R", 44.59, 54.21, 0, 270],
		[29, "R28_1", 828.89, 1488.26, "T", "SMD", "U1_EN", "", "R", 44.59, 54.21, 0, 270],
		[30, "R28_2", 828.89, 1409.52, "T", "SMD", "$3N639", "", "R", 44.59, 54.21, 0, 270],
		[31, "R29_1", 839.52, 903.89, "T", "SMD", "R485_B", "", "R", 44.59, 54.21, 0, 0],
		[32, "R29_2", 918.26, 903.89, "T", "SMD", "GND", "GND", "R", 44.59, 54.21, 0, 0],
		[33, "R30_1", 760.63, 990, "T", "SMD", "R485_A", "", "R", 44.59, 54.21, 0, 0],
		[34, "R30_2", 839.37, 990, "T", "SMD", "R485_B", "", "R", 44.59, 54.21, 0, 0],
		[35, "R31_1", 679.52, 903.89, "T", "SMD", "+3.3V", "", "R", 44.59, 54.21, 0, 0],
		[36, "R31_2", 758.26, 903.89, "T", "SMD", "R485_A", "", "R", 44.59, 54.21, 0, 0],
		[37, "R36_1", 1341.04, 1390.46, "T", "SMD", "SDO", "", "R", 44.59, 54.21, 0, 270],
		[38, "R36_2", 1341.04, 1311.72, "T", "SMD", "$2N377", "", "R", 44.59, 54.21, 0, 270],
		[39, "R37_1", 1426.04, 1390.46, "T", "SMD", "SS", "", "R", 44.59, 54.21, 0, 270],
		[40, "R37_2", 1426.04, 1311.72, "T", "SMD", "$2N381", "", "R", 44.59, 54.21, 0, 270],
		[41, "R38_1", 1511.04, 1390.46, "T", "SMD", "SCLK", "", "R", 44.59, 54.21, 0, 270],
		[42, "R38_2", 1511.04, 1311.72, "T", "SMD", "$2N386", "", "R", 44.59, 54.21, 0, 270],
		[43, "R39_1", 1596.04, 1390.46, "T", "SMD", "SDI", "", "R", 44.59, 54.21, 0, 270],
		[44, "R39_2", 1596.04, 1311.72, "T", "SMD", "$2N391", "", "R", 44.59, 54.21, 0, 270],
		[45, "R40_1", 1514.37, 730, "T", "SMD", "$2N609", "", "R", 44.59, 54.21, 0, 180],
		[46, "R40_2", 1435.63, 730, "T", "SMD", "$2N592", "", "R", 44.59, 54.21, 0, 180],
		[47, "R485_A_1", 218.5, 129.92, "T", "DIP", "R485_A", "", "R", 137.8, 236.22, 59.06, 180],
		[48, "R485_A_1", 218.5, 129.92, "B", "DIP", "R485_A", "", "R", 137.8, 236.22, 59.06, 180],
		[49, "R485_B_1", 533.46, 129.92, "T", "DIP", "R485_B", "", "R", 137.8, 236.22, 59.06, 180],
		[50, "R485_B_1", 533.46, 129.92, "B", "DIP", "R485_B", "", "R", 137.8, 236.22, 59.06, 180],
		[51, "RTD_F+_1", 1163.39, 129.92, "T", "DIP", "RTD_F+", "", "R", 137.8, 236.22, 59.06, 180],
		[52, "RTD_F+_1", 1163.39, 129.92, "B", "DIP", "RTD_F+", "", "R", 137.8, 236.22, 59.06, 180],
		[53, "RTD_IN-_1", 1793.31, 129.92, "T", "DIP", "RTD_F-", "", "R", 137.8, 236.22, 59.06, 180],
		[54, "RTD_IN-_1", 1793.31, 129.92, "B", "DIP", "RTD_F-", "", "R", 137.8, 236.22, 59.06, 180],
		[55, "RTD_IN+_1", 1478.35, 129.92, "T", "DIP", "RTD_IN+", "", "R", 137.8, 236.22, 59.06, 180],
		[56, "RTD_IN+_1", 1478.35, 129.92, "B", "DIP", "RTD_IN+", "", "R", 137.8, 236.22, 59.06, 180],
		[57, "RX1_1", 877.95, 2261.81, "T", "DIP", "U1_RX", "", "R", 59.06, 177.17, 39.37, 180],
		[58, "RX1_1", 877.95, 2261.81, "B", "DIP", "U1_RX", "", "R", 59.06, 177.17, 39.37, 180],
		[59, "SCK_1", 1507.87, 2261.81, "T", "DIP", "SCLK", "", "R", 59.06, 177.17, 39.37, 180],
		[60, "SCK_1", 1507.87, 2261.81, "B", "DIP", "SCLK", "", "R", 59.06, 177.17, 39.37, 180],
		[61, "SDI_1", 1192.91, 2261.81, "T", "DIP", "SDI", "", "R", 59.06, 177.17, 39.37, 180],
		[62, "SDI_1", 1192.91, 2261.81, "B", "DIP", "SDI", "", "R", 59.06, 177.17, 39.37, 180],
		[63, "SDO_1", 1350.39, 2261.81, "T", "DIP", "SDO", "", "R", 59.06, 177.17, 39.37, 180],
		[64, "SDO_1", 1350.39, 2261.81, "B", "DIP", "SDO", "", "R", 59.06, 177.17, 39.37, 180],
		[65, "SS_1", 1665.35, 2261.81, "T", "DIP", "SS", "", "R", 59.06, 177.17, 39.37, 180],
		[66, "SS_1", 1665.35, 2261.81, "B", "DIP", "SS", "", "R", 59.06, 177.17, 39.37, 180],
		[67, "TX1_1", 1035.43, 2261.81, "T", "DIP", "U1_TX", "", "R", 59.06, 177.17, 39.37, 180],
		[68, "TX1_1", 1035.43, 2261.81, "B", "DIP", "U1_TX", "", "R", 59.06, 177.17, 39.37, 180],
		[69, "U2_1", 878.89, 1310.39, "T", "SMD", "$3N638", "", "O", 22.38, 76.78, 0, 180],
		[70, "U2_2", 828.89, 1310.39, "T", "SMD", "$3N639", "", "O", 22.38, 76.78, 0, 180],
		[71, "U2_3", 778.89, 1310.39, "T", "SMD", "$3N639", "", "O", 22.38, 76.78, 0, 180],
		[72, "U2_4", 728.89, 1310.39, "T", "SMD", "$3N640", "", "O", 22.38, 76.78, 0, 180],
		[73, "U2_5", 728.89, 1097.39, "T", "SMD", "GND", "GND", "O", 22.38, 76.78, 0, 180],
		[74, "U2_6", 778.89, 1097.39, "T", "SMD", "R485_A", "", "O", 22.38, 76.78, 0, 180],
		[75, "U2_7", 828.89, 1097.39, "T", "SMD", "R485_B", "", "O", 22.38, 76.78, 0, 180],
		[76, "U2_8", 878.89, 1097.39, "T", "SMD", "+3.3V", "", "O", 22.38, 76.78, 0, 180],
		[77, "U3_1", 1360.1, 886.33, "T", "SMD", "U3_1", "", "O", 14.33, 81.97, 0, 0],
		[78, "U3_2", 1385.69, 886.33, "T", "SMD", "+3.3V", "", "O", 14.33, 81.97, 0, 0],
		[79, "U3_3", 1411.28, 886.33, "T", "SMD", "+3.3V", "", "O", 14.33, 81.97, 0, 0],
		[80, "U3_4", 1436.87, 886.33, "T", "SMD", "$2N592", "", "O", 14.33, 81.97, 0, 0],
		[81, "U3_5", 1462.47, 886.33, "T", "SMD", "$2N592", "", "O", 14.33, 81.97, 0, 0],
		[82, "U3_6", 1488.06, 886.33, "T", "SMD", "$2N609", "", "O", 14.33, 81.97, 0, 0],
		[83, "U3_7", 1513.65, 886.33, "T", "SMD", "$2N609", "", "O", 14.33, 81.97, 0, 0],
		[84, "U3_8", 1539.24, 886.33, "T", "SMD", "RTD_F+", "", "O", 14.33, 81.97, 0, 0],
		[85, "U3_9", 1564.83, 886.33, "T", "SMD", "RTD_F+", "", "O", 14.33, 81.97, 0, 0],
		[86, "U3_10", 1590.42, 886.33, "T", "SMD", "RTD_IN+", "", "O", 14.33, 81.97, 0, 0],
		[87, "U3_11", 1590.42, 1161.21, "T", "SMD", "RTD_F-", "", "O", 14.33, 81.97, 0, 0],
		[88, "U3_12", 1564.83, 1161.21, "T", "SMD", "RTD_F-", "", "O", 14.33, 81.97, 0, 0],
		[89, "U3_13", 1539.24, 1161.21, "T", "SMD", "GND", "GND", "O", 14.33, 81.97, 0, 0],
		[90, "U3_14", 1513.65, 1161.21, "T", "SMD", "$2N391", "", "O", 14.33, 81.97, 0, 0],
		[91, "U3_15", 1488.06, 1161.21, "T", "SMD", "$2N386", "", "O", 14.33, 81.97, 0, 0],
		[92, "U3_16", 1462.47, 1161.21, "T", "SMD", "$2N381", "", "O", 14.33, 81.97, 0, 0],
		[93, "U3_17", 1436.87, 1161.21, "T", "SMD", "$2N377", "", "O", 14.33, 81.97, 0, 0],
		[94, "U3_18", 1411.28, 1161.21, "T", "SMD", "GND", "GND", "O", 14.33, 81.97, 0, 0],
		[95, "U3_19", 1385.69, 1161.21, "T", "SMD", "GND", "GND", "O", 14.33, 81.97, 0, 0],
		[96, "U3_20", 1360.1, 1161.21, "T", "SMD", "GND", "GND", "O", 14.33, 81.97, 0, 0],
		[97, "U_EN_1", 720.47, 2261.81, "T", "DIP", "U1_EN", "", "R", 59.06, 177.17, 39.37, 180],
		[98, "U_EN_1", 720.47, 2261.81, "B", "DIP", "U1_EN", "", "R", 59.06, 177.17, 39.37, 180],
		[99, "PAD1_1", 365, 810, "T", "DIP", "GND", "GND", "C", 47.24, 47.24, 31.5, 0],
		[100, "PAD1_1", 365, 810, "B", "DIP", "GND", "GND", "C", 47.24, 47.24, 31.5, 0],
		[101, "PAD2_1", 985, 905, "T", "DIP", "GND", "GND", "C", 47.24, 47.24, 31.5, 0],
		[102, "PAD2_1", 985, 905, "B", "DIP", "GND", "GND", "C", 47.24, 47.24, 31.5, 0],
		[103, "PAD3_1", 1200, 700, "T", "DIP", "GND", "GND", "C", 47.24, 47.24, 31.5, 0],
		[104, "PAD3_1", 1200, 700, "B", "DIP", "GND", "GND", "C", 47.24, 47.24, 31.5, 0],
		[105, "PAD4_1", 1200, 875, "T", "DIP", "GND", "GND", "C", 47.24, 47.24, 31.5, 0],
		[106, "PAD4_1", 1200, 875, "B", "DIP", "GND", "GND", "C", 47.24, 47.24, 31.5, 0],
		[107, "PAD5_1", 1280, 1145, "T", "DIP", "GND", "GND", "C", 47.24, 47.24, 31.5, 0],
		[108, "PAD5_1", 1280, 1145, "B", "DIP", "GND", "GND", "C", 47.24, 47.24, 31.5, 0],
		[109, "PAD6_1", 1510, 1060, "T", "DIP", "GND", "GND", "C", 47.24, 47.24, 31.5, 0],
		[110, "PAD6_1", 1510, 1060, "B", "DIP", "GND", "GND", "C", 47.24, 47.24, 31.5, 0],
		[111, "PAD7_1", 655, 1095, "T", "DIP", "GND", "GND", "C", 47.24, 47.24, 31.5, 0],
		[112, "PAD7_1", 655, 1095, "B", "DIP", "GND", "GND", "C", 47.24, 47.24, 31.5, 0],
		[113, "PAD8_1", 520, 1830, "T", "DIP", "GND", "GND", "C", 47.24, 47.24, 31.5, 0],
		[114, "PAD8_1", 520, 1830, "B", "DIP", "GND", "GND", "C", 47.24, 47.24, 31.5, 0],
		[115, "PAD9_1", 515, 1620, "T", "DIP", "GND", "GND", "C", 47.24, 47.24, 31.5, 0],
		[116, "PAD9_1", 515, 1620, "B", "DIP", "GND", "GND", "C", 47.24, 47.24, 31.5, 0],
		[117, "PAD10_1", 515, 1415, "T", "DIP", "GND", "GND", "C", 47.24, 47.24, 31.5, 0],
		[118, "PAD10_1", 515, 1415, "B", "DIP", "GND", "GND", "C", 47.24, 47.24, 31.5, 0],
		[119, "PAD11_1", 515, 2020, "T", "DIP", "GND", "GND", "C", 47.24, 47.24, 31.5, 0],
		[120, "PAD11_1", 515, 2020, "B", "DIP", "GND", "GND", "C", 47.24, 47.24, 31.5, 0]
	]
}
}