{
"lengthUnit": "mil",
"components": {
	"fields": ["COMPONENT_NO", "COMPONENT_NAME", "LAYER", "X_COORDINATE", "Y_COORDINATE", "ANGLE"],
	"rows": [
		[1, "+12V1", "T", 411.42, 2261.81, 180],
		[2, "AC_L", "T", 218.5, 129.92, 0],
		[3, "AC_N", "T", 533.46, 129.92, 0],
		[4, "GND1", "T", 1350.39, 2261.81, 180],
		[5, "GND2", "T", 562.99, 2261.81, 180],
		[6, "GND4", "T", 2259.84, 2261.81, 0],
		[7, "Q3", "T", 1955, 1417.5, 90],
		[8, "Q20", "T", 1712.5, 1412.5, 90],
		[9, "R4", "T", 1915, 1572.5, 90],
		[10, "R32", "T", 2000, 1572.5, 90],
		[11, "R33", "T", 1662.5, 1567.5, 90],
		[12, "R34", "T", 1747.5, 1567.5, 90],
		[13, "R36", "T", 1675, 1290, 180],
		[14, "R37", "T", 1315, 1525, 180],
		[15, "R38", "T", 1470, 1525, 0],
		[16, "R39", "T", 1470, 1435, 0],
		[17, "R40", "T", 1315, 1435, 180],
		[18, "RELAY1", "T", 1715, 845, 270],
		[19, "RL_COM", "T", 1793.31, 129.92, 0],
		[20, "RL_NC", "T", 2108.27, 129.92, 0],
		[21, "RL_NO", "T", 1478.35, 129.92, 0],
		[22, "RLY1", "T", 720.47, 2261.81, 180],
		[23, "RX3", "T", 1192.91, 2261.81, 180],
		[24, "SSR1", "T", 877.95, 2261.81, 180],
		[25, "SSR-", "T", 1163.39, 129.92, 0],
		[26, "SSR+", "T", 848.43, 129.92, 0],
		[27, "TX3", "T", 1035.43, 2261.81, 180],
		[28, "U2", "T", 1200, 425, 90],
		[29, "PAD1", "T", 1968.5, 1811.02, 0],
		[30, "PAD1", "B", 1968.5, 1811.02, 0],
		[31, "PAD2", "T", 2168.5, 1811.02, 0],
		[32, "PAD2", "B", 2168.5, 1811.02, 0]
	]
},
"pins": {
	"fields": ["PIN_NO", "PIN_NAME", "PIN_X", "PIN_Y", "LAYER", "PIN_TYPE", "NET_NAME", "NET_TYPE", "PAD_SHAPE", "PAD_SIZEX", "PAD_SIZEY", "HOLE_SIZE", "PAD_ANGLE"],
	"rows": [
		[1, "+12V1_1", 411.42, 2261.81, "T", "DIP", "+12V", "", "R", 59.06, 177.17, 39.37, 180],
		[2, "+12V1_1", 411.42, 2261.81, "B", "DIP", "+12V", "", "R", 59.06, 177.17, 39.37, 180],
		[3, "AC_L_1", 218.5, 129.92, "T", "DIP", "AC_L", "", "R", 137.8, 236.22, 59.06, 0],
		[4, "AC_L_1", 218.5, 129.92, "B", "DIP", "AC_L", "", "R", 137.8, 236.22, 59.06, 0],
		[5, "AC_N_1", 533.46, 129.92, "T", "DIP", "AC_N", "", "R", 137.8, 236.22, 59.06, 0],
		[6, "AC_N_1", 533.46, 129.92, "B", "DIP", "AC_N", "", "R", 137.8, 236.22, 59.06, 0],
		[7, "GND1_1", 1350.39, 2261.81, "T", "DIP", "GND", "GND", "R", 59.06, 177.17, 39.37, 180],
		[8, "GND1_1", 1350.39, 2261.81, "B", "DIP", "GND", "GND", "R", 59.06, 177.17, 39.37, 180],
		[9, "GND2_1", 562.99, 2261.81, "T", "DIP", "GND", "GND", "R", 59.06, 177.17, 39.37, 180],
		[10, "GND2_1", 562.99, 2261.81, "B", "DIP", "GND", "GND", "R", 59.06, 177.17, 39.37, 180],
		[11, "GND4_1", 2259.84, 2261.81, "T", "DIP", "GND", "GND", "R", 59.06, 177.17, 39.37, 0],
		[12, "GND4_1", 2259.84, 2261.81, "B", "DIP", "GND", "GND", "R", 59.06, 177.17, 39.37, 0],
		[13, "Q3_1", 1992.4, 1456.87, "T", "SMD", "$1N452", "", "R", 49.21, 27.56, 0, 90],
		[14, "Q3_2", 1917.6, 1456.87, "T", "SMD", "GND", "GND", "R", 49.21, 27.56, 0, 90],
		[15, "Q3_3", 1955, 1378.13, "T", "SMD", "$1N448", "", "R", 49.21, 27.56, 0, 90],
		[16, "Q20_1", 1749.9, 1451.87, "T", "SMD", "$1N459", "", "R", 49.21, 27.56, 0, 90],
		[17, "Q20_2", 1675.1, 1451.87, "T", "SMD", "GND", "GND", "R", 49.21, 27.56, 0, 90],
		[18, "Q20_3", 1712.5, 1373.13, "T", "SMD", "$1N1061", "", "R", 49.21, 27.56, 0, 90],
		[19, "R4_1", 1915, 1533.13, "T", "SMD", "GND", "GND", "R", 44.59, 54.21, 0, 90],
		[20, "R4_2", 1915, 1611.87, "T", "SMD", "RLY", "", "R", 44.59, 54.21, 0, 90],
		[21, "R32_1", 2000, 1533.13, "T", "SMD", "$1N452", "", "R", 44.59, 54.21, 0, 90],
		[22, "R32_2", 2000, 1611.87, "T", "SMD", "RLY", "", "R", 44.59, 54.21, 0, 90],
		[23, "R33_1", 1662.5, 1528.13, "T", "SMD", "GND", "GND", "R", 44.59, 54.21, 0, 90],
		[24, "R33_2", 1662.5, 1606.87, "T", "SMD", "SSR", "", "R", 44.59, 54.21, 0, 90],
		[25, "R34_1", 1747.5, 1528.13, "T", "SMD", "$1N459", "", "R", 44.59, 54.21, 0, 90],
		[26, "R34_2", 1747.5, 1606.87, "T", "SMD", "SSR", "", "R", 44.59, 54.21, 0, 90],
		[27, "R36_1", 1714.37, 1290, "T", "SMD", "$1N1061", "", "R", 44.59, 54.21, 0, 180],
		[28, "R36_2", 1635.63, 1290, "T", "SMD", "SSR-", "", "R", 44.59, 54.21, 0, 180],
		[29, "R37_1", 1354.37, 1525, "T", "SMD", "SSR+", "", "R", 44.59, 54.21, 0, 180],
		[30, "R37_2", 1275.63, 1525, "T", "SMD", "+12V", "", "R", 44.59, 54.21, 0, 180],
		[31, "R38_1", 1430.63, 1525, "T", "SMD", "SSR+", "", "R", 44.59, 54.21, 0, 0],
		[32, "R38_2", 1509.37, 1525, "T", "SMD", "+5V", "", "R", 44.59, 54.21, 0, 0],
		[33, "R39_1", 1430.63, 1435, "T", "SMD", "$1N449", "", "R", 44.59, 54.21, 0, 0],
		[34, "R39_2", 1509.37, 1435, "T", "SMD", "+5V", "", "R", 44.59, 54.21, 0, 0],
		[35, "R40_1", 1354.37, 1435, "T", "SMD", "$1N449", "", "R", 44.59, 54.21, 0, 180],
		[36, "R40_2", 1275.63, 1435, "T", "SMD", "+12V", "", "R", 44.59, 54.21, 0, 180],
		[37, "RELAY1_1", 1478.78, 1045.79, "T", "DIP", "$1N449", "", "C", 110, 110, 60, 90],
		[38, "RELAY1_1", 1478.78, 1045.79, "B", "DIP", "$1N449", "", "C", 110, 110, 60, 90],
		[39, "RELAY1_2", 1478.8, 565.47, "T", "DIP", "RL_NO", "", "C", 110, 110, 60, 90],
		[40, "RELAY1_2", 1478.8, 565.47, "B", "DIP", "RL_NO", "", "C", 110, 110, 60, 90],
		[41, "RELAY1_3", 1951.2, 565.47, "T", "DIP", "RL_NC", "", "C", 110, 110, 60, 90],
		[42, "RELAY1_3", 1951.2, 565.47, "B", "DIP", "RL_NC", "", "C", 110, 110, 60, 90],
		[43, "RELAY1_4", 1951.22, 1045.79, "T", "DIP", "$1N448", "", "C", 110, 110, 60, 90],
		[44, "RELAY1_4", 1951.22, 1045.79, "B", "DIP", "$1N448", "", "C", 110, 110, 60, 90],
		[45, "RELAY1_5", 1715, 1124.53, "T", "DIP", "RL_COM", "", "C", 110, 110, 60, 90],
		[46, "RELAY1_5", 1715, 1124.53, "B", "DIP", "RL_COM", "", "C", 110, 110, 60, 90],
		[47, "RL_COM_1", 1793.31, 129.92, "T", "DIP", "RL_COM", "", "R", 137.8, 236.22, 59.06, 0],
		[48, "RL_COM_1", 1793.31, 129.92, "B", "DIP", "RL_COM", "", "R", 137.8, 236.22, 59.06, 0],
		[49, "RL_NC_1", 2108.27, 129.92, "T", "DIP", "RL_NC", "", "R", 137.8, 236.22, 59.06, 0],
		[50, "RL_NC_1", 2108.27, 129.92, "B", "DIP", "RL_NC", "", "R", 137.8, 236.22, 59.06, 0],
		[51, "RL_NO_1", 1478.35, 129.92, "T", "DIP", "RL_NO", "", "R", 137.8, 236.22, 59.06, 0],
		[52, "RL_NO_1", 1478.35, 129.92, "B", "DIP", "RL_NO", "", "R", 137.8, 236.22, 59.06, 0],
		[53, "RLY1_1", 720.47, 2261.81, "T", "DIP", "RLY", "", "R", 59.06, 177.17, 39.37, 180],
		[54, "RLY1_1", 720.47, 2261.81, "B", "DIP", "RLY", "", "R", 59.06, 177.17, 39.37, 180],
		[55, "RX3_1", 1192.91, 2261.81, "T", "DIP", "U3_RX", "", "R", 59.06, 177.17, 39.37, 180],
		[56, "RX3_1", 1192.91, 2261.81, "B", "DIP", "U3_RX", "", "R", 59.06, 177.17, 39.37, 180],
		[57, "SSR1_1", 877.95, 2261.81, "T", "DIP", "SSR", "", "R", 59.06, 177.17, 39.37, 180],
		[58, "SSR1_1", 877.95, 2261.81, "B", "DIP", "SSR", "", "R", 59.06, 177.17, 39.37, 180],
		[59, "SSR-_1", 1163.39, 129.92, "T", "DIP", "SSR-", "", "R", 137.8, 236.22, 59.06, 0],
		[60, "SSR-_1", 1163.39, 129.92, "B", "DIP", "SSR-", "", "R", 137.8, 236.22, 59.06, 0],
		[61, "SSR+_1", 848.43, 129.92, "T", "DIP", "SSR+", "", "R", 137.8, 236.22, 59.06, 0],
		[62, "SSR+_1", 848.43, 129.92, "B", "DIP", "SSR+", "", "R", 137.8, 236.22, 59.06, 0],
		[63, "TX3_1", 1035.43, 2261.81, "T", "DIP", "U3_TX", "", "R", 59.06, 177.17, 39.37, 180],
		[64, "TX3_1", 1035.43, 2261.81, "B", "DIP", "U3_TX", "", "R", 59.06, 177.17, 39.37, 180],
		[65, "U2_1", 407.87, 503.74, "T", "DIP", "AC_L", "", "C", 118.11, 118.11, 78.74, 90],
		[66, "U2_1", 407.87, 503.74, "B", "DIP", "AC_L", "", "C", 118.11, 118.11, 78.74, 90],
		[67, "U2_2", 1007.87, 503.74, "T", "DIP", "AC_N", "", "C", 118.11, 118.11, 78.74, 90],
		[68, "U2_2", 1007.87, 503.74, "B", "DIP", "AC_N", "", "C", 118.11, 118.11, 78.74, 90],
		[69, "U2_3", 1007.87, 1724.21, "T", "DIP", "+5V", "", "C", 118.11, 118.11, 78.74, 90],
		[70, "U2_3", 1007.87, 1724.21, "B", "DIP", "+5V", "", "C", 118.11, 118.11, 78.74, 90],
		[71, "U2_4", 807.87, 1724.21, "T", "DIP", "GND", "GND", "C", 118.11, 118.11, 78.74, 90],
		[72, "U2_4", 807.87, 1724.21, "B", "DIP", "GND", "GND", "C", 118.11, 118.11, 78.74, 90],
		[73, "U2_5", 607.87, 1724.21, "T", "DIP", "GND", "GND", "C", 118.11, 118.11, 78.74, 90],
		[74, "U2_5", 607.87, 1724.21, "B", "DIP", "GND", "GND", "C", 118.11, 118.11, 78.74, 90],
		[75, "U2_6", 407.87, 1724.21, "T", "DIP", "+12V", "", "C", 118.11, 118.11, 78.74, 90],
		[76, "U2_6", 407.87, 1724.21, "B", "DIP", "+12V", "", "C", 118.11, 118.11, 78.74, 90],
		[77, "PAD1_1", 1968.5, 1811.02, "T", "DIP", "U3_TX", "", "C", 110.24, 110.24, 59.06, 0],
		[78, "PAD1_1", 1968.5, 1811.02, "B", "DIP", "U3_TX", "", "C", 110.24, 110.24, 59.06, 0],
		[79, "PAD2_2", 2168.5, 1811.02, "T", "DIP", "U3_RX", "", "C", 110.24, 110.24, 59.06, 0],
		[80, "PAD2_2", 2168.5, 1811.02, "B", "DIP", "U3_RX", "", "C", 110.24, 110.24, 59.06, 0]
	]
}
}